lago,fecha,x,y,ndci,chl_a_estimada,pixeles_validos,alta_cianobacteria
amatitlan,2025-01-28,754650.0,1594650.0,0.028586932,4.2175846,108,0
amatitlan,2025-01-28,754950.0,1594650.0,0.017598609,4.1140313,135,0
amatitlan,2025-01-28,755250.0,1594650.0,0.062450416,5.1875668,135,0
amatitlan,2025-01-28,755550.0,1594650.0,0.18037094,8.61836,135,0
amatitlan,2025-01-28,755850.0,1594650.0,0.19571048,9.460658,135,0
amatitlan,2025-01-28,756150.0,1594650.0,0.16984159,8.63766,135,0
amatitlan,2025-01-28,756450.0,1594650.0,0.23568013,11.135629,135,0
amatitlan,2025-01-28,756750.0,1594650.0,0.24889103,12.288078,135,1
amatitlan,2025-01-28,757050.0,1594650.0,0.2219288,10.448816,135,0
amatitlan,2025-01-28,757350.0,1594650.0,0.21039988,9.816393,135,0
amatitlan,2025-01-28,757650.0,1594650.0,0.20725706,9.752838,135,0
amatitlan,2025-01-28,757950.0,1594650.0,0.1672452,7.090308,135,0
amatitlan,2025-01-28,758250.0,1594650.0,0.08308752,5.621076,135,0
amatitlan,2025-01-28,758550.0,1594650.0,0.1788726,9.248195,135,0
amatitlan,2025-01-28,758850.0,1594650.0,0.1942138,10.434036,135,0
amatitlan,2025-01-28,759150.0,1594650.0,0.24643445,12.462865,135,1
amatitlan,2025-01-28,759450.0,1594650.0,0.12666218,8.611412,135,0
amatitlan,2025-01-28,759750.0,1594650.0,-0.03577689,3.100675,135,0
amatitlan,2025-01-28,760050.0,1594650.0,0.09965122,8.365603,135,0
amatitlan,2025-01-28,760350.0,1594650.0,0.2762777,16.14252,135,1
amatitlan,2025-01-28,760650.0,1594650.0,0.32832396,22.956915,135,1
amatitlan,2025-01-28,760950.0,1594650.0,0.32975346,22.64975,135,1
amatitlan,2025-01-28,761250.0,1594650.0,0.23860323,13.462562,135,1
amatitlan,2025-01-28,761550.0,1594650.0,0.2803707,16.327627,135,1
amatitlan,2025-01-28,761850.0,1594650.0,0.21655291,12.42819,135,1
amatitlan,2025-01-28,762150.0,1594650.0,0.22917251,11.33534,135,0
amatitlan,2025-01-28,762450.0,1594650.0,0.27353925,15.131518,135,1
amatitlan,2025-01-28,762750.0,1594650.0,0.24453622,12.449169,135,1
amatitlan,2025-01-28,763050.0,1594650.0,0.26776043,13.143011,135,1
amatitlan,2025-01-28,763350.0,1594650.0,0.26053482,12.394282,135,1
amatitlan,2025-01-28,763650.0,1594650.0,0.26927003,13.237674,135,1
amatitlan,2025-01-28,763950.0,1594650.0,0.22015327,9.885345,135,0
amatitlan,2025-01-28,764250.0,1594650.0,0.18838133,8.147349,135,0
amatitlan,2025-01-28,764550.0,1594650.0,0.23336641,12.897012,135,1
amatitlan,2025-01-28,764850.0,1594650.0,0.23904693,12.533438,135,1
amatitlan,2025-01-28,765150.0,1594650.0,0.2670139,14.343556,135,1
amatitlan,2025-01-28,765450.0,1594650.0,0.2343434,12.22586,135,1
amatitlan,2025-01-28,765750.0,1594650.0,0.24354449,12.877368,135,1
amatitlan,2025-01-28,766050.0,1594650.0,0.20841426,11.082713,135,0
amatitlan,2025-01-28,766350.0,1594650.0,0.28646705,15.857657,135,1
amatitlan,2025-01-28,766650.0,1594650.0,0.29162687,16.728405,135,1
amatitlan,2025-01-28,766950.0,1594650.0,0.26427808,14.110787,135,1
amatitlan,2025-01-28,767250.0,1594650.0,0.32757723,22.157476,135,1
amatitlan,2025-01-28,767550.0,1594650.0,0.2901601,18.140697,135,1
amatitlan,2025-01-28,767850.0,1594650.0,0.32985982,21.480165,135,1
amatitlan,2025-01-28,768150.0,1594650.0,0.24692851,13.088434,81,1
amatitlan,2025-01-28,754650.0,1594950.0,0.07365152,5.900829,180,0
amatitlan,2025-01-28,754950.0,1594950.0,0.022631966,4.675569,225,0
amatitlan,2025-01-28,755250.0,1594950.0,0.15662025,9.141412,225,0
amatitlan,2025-01-28,755550.0,1594950.0,0.18928894,9.762114,225,0
amatitlan,2025-01-28,755850.0,1594950.0,0.21541789,10.342263,225,0
amatitlan,2025-01-28,756150.0,1594950.0,0.21578535,9.935443,225,0
amatitlan,2025-01-28,756450.0,1594950.0,0.23497967,11.217064,225,0
amatitlan,2025-01-28,756750.0,1594950.0,0.21474184,9.525468,225,0
amatitlan,2025-01-28,757050.0,1594950.0,0.20847997,9.419427,225,0
amatitlan,2025-01-28,757350.0,1594950.0,0.22777621,12.139469,225,1
amatitlan,2025-01-28,757650.0,1594950.0,0.22003657,11.033756,225,0
amatitlan,2025-01-28,757950.0,1594950.0,0.22778454,10.939337,225,0
amatitlan,2025-01-28,758250.0,1594950.0,0.11340375,6.6015973,225,0
amatitlan,2025-01-28,758550.0,1594950.0,0.19048075,10.075584,225,0
amatitlan,2025-01-28,758850.0,1594950.0,0.1711551,9.714732,225,0
amatitlan,2025-01-28,759150.0,1594950.0,0.26054475,14.512691,225,1
amatitlan,2025-01-28,759450.0,1594950.0,0.26224768,18.002592,225,1
amatitlan,2025-01-28,759750.0,1594950.0,0.16654462,11.888303,225,0
amatitlan,2025-01-28,760050.0,1594950.0,0.25400978,14.349089,225,1
amatitlan,2025-01-28,760350.0,1594950.0,0.2679511,15.923272,225,1
amatitlan,2025-01-28,760650.0,1594950.0,0.18905921,10.902118,225,0
amatitlan,2025-01-28,760950.0,1594950.0,0.2785297,15.126796,225,1
amatitlan,2025-01-28,761250.0,1594950.0,0.2491506,14.195809,225,1
amatitlan,2025-01-28,761550.0,1594950.0,0.23036654,13.996581,225,1
amatitlan,2025-01-28,761850.0,1594950.0,0.2339121,12.0257845,225,1
amatitlan,2025-01-28,762150.0,1594950.0,0.2642094,13.710605,225,1
amatitlan,2025-01-28,762450.0,1594950.0,0.24274735,12.977274,225,1
amatitlan,2025-01-28,762750.0,1594950.0,0.26048025,13.029755,225,1
amatitlan,2025-01-28,763050.0,1594950.0,0.25291255,12.052898,225,1
amatitlan,2025-01-28,763350.0,1594950.0,0.25595063,12.188992,225,1
amatitlan,2025-01-28,763650.0,1594950.0,0.25010872,11.759727,225,0
amatitlan,2025-01-28,763950.0,1594950.0,0.2357127,11.276709,225,0
amatitlan,2025-01-28,764250.0,1594950.0,0.1559929,7.0567994,225,0
amatitlan,2025-01-28,764550.0,1594950.0,0.19662239,8.575297,225,0
amatitlan,2025-01-28,764850.0,1594950.0,0.16127159,7.499438,225,0
amatitlan,2025-01-28,765150.0,1594950.0,0.22955376,11.7828865,225,0
amatitlan,2025-01-28,765450.0,1594950.0,0.22497907,11.039797,225,0
amatitlan,2025-01-28,765750.0,1594950.0,0.2226352,12.292511,225,1
amatitlan,2025-01-28,766050.0,1594950.0,0.21670614,11.689901,225,0
amatitlan,2025-01-28,766350.0,1594950.0,0.24547064,11.839762,225,0
amatitlan,2025-01-28,766650.0,1594950.0,0.24736968,11.923561,225,0
amatitlan,2025-01-28,766950.0,1594950.0,0.2388424,11.7139,225,0
amatitlan,2025-01-28,767250.0,1594950.0,0.2588318,13.082656,225,1
amatitlan,2025-01-28,767550.0,1594950.0,0.28318635,15.491922,225,1
amatitlan,2025-01-28,767850.0,1594950.0,0.30628288,18.140821,225,1
amatitlan,2025-01-28,768150.0,1594950.0,0.2717258,14.606875,135,1
amatitlan,2025-01-28,754650.0,1595250.0,0.15031555,8.182408,180,0
amatitlan,2025-01-28,754950.0,1595250.0,0.027198035,4.2066684,225,0
amatitlan,2025-01-28,755250.0,1595250.0,0.16062433,8.578758,225,0
amatitlan,2025-01-28,755550.0,1595250.0,0.19777142,9.634334,225,0
amatitlan,2025-01-28,755850.0,1595250.0,0.21379125,10.377722,225,0
amatitlan,2025-01-28,756150.0,1595250.0,0.21593116,10.430394,225,0
amatitlan,2025-01-28,756450.0,1595250.0,0.2526112,12.261201,225,1
amatitlan,2025-01-28,756750.0,1595250.0,0.19273768,8.853909,225,0
amatitlan,2025-01-28,757050.0,1595250.0,0.2259509,10.762277,225,0
amatitlan,2025-01-28,757350.0,1595250.0,0.16352782,8.067458,225,0
amatitlan,2025-01-28,757650.0,1595250.0,0.2074067,10.204416,225,0
amatitlan,2025-01-28,757950.0,1595250.0,0.23664428,11.580472,225,0
amatitlan,2025-01-28,758250.0,1595250.0,0.2143178,10.922952,225,0
amatitlan,2025-01-28,758550.0,1595250.0,0.22029878,11.135096,225,0
amatitlan,2025-01-28,758850.0,1595250.0,0.23159787,12.034233,225,1
amatitlan,2025-01-28,759150.0,1595250.0,0.18312567,10.184438,225,0
amatitlan,2025-01-28,759450.0,1595250.0,0.23527488,12.322814,225,1
amatitlan,2025-01-28,759750.0,1595250.0,0.31963724,21.810595,225,1
amatitlan,2025-01-28,760050.0,1595250.0,0.32682744,22.97298,225,1
amatitlan,2025-01-28,760350.0,1595250.0,0.31943318,20.61969,225,1
amatitlan,2025-01-28,760650.0,1595250.0,0.3105106,19.851515,225,1
amatitlan,2025-01-28,760950.0,1595250.0,0.13159522,6.9050975,225,0
amatitlan,2025-01-28,761250.0,1595250.0,0.3022565,22.98042,225,1
amatitlan,2025-01-28,761550.0,1595250.0,0.29962757,17.856218,225,1
amatitlan,2025-01-28,761850.0,1595250.0,0.2674283,14.656455,225,1
amatitlan,2025-01-28,762150.0,1595250.0,0.29602847,16.579926,225,1
amatitlan,2025-01-28,762450.0,1595250.0,0.28171355,15.273334,225,1
amatitlan,2025-01-28,762750.0,1595250.0,0.26947603,13.745555,225,1
amatitlan,2025-01-28,763050.0,1595250.0,0.27402407,14.174673,225,1
amatitlan,2025-01-28,763350.0,1595250.0,0.23846422,10.66974,225,0
amatitlan,2025-01-28,763650.0,1595250.0,0.23916821,10.993379,225,0
amatitlan,2025-01-28,763950.0,1595250.0,0.18699595,8.586779,225,0
amatitlan,2025-01-28,764250.0,1595250.0,0.19672409,8.491483,225,0
amatitlan,2025-01-28,764550.0,1595250.0,0.24546295,11.630897,225,0
amatitlan,2025-01-28,764850.0,1595250.0,0.22689196,10.281765,225,0
amatitlan,2025-01-28,765150.0,1595250.0,0.16442822,7.5816255,225,0
amatitlan,2025-01-28,765450.0,1595250.0,0.19945464,8.931843,225,0
amatitlan,2025-01-28,765750.0,1595250.0,0.19393902,9.204718,225,0
amatitlan,2025-01-28,766050.0,1595250.0,0.21963169,10.244844,225,0
amatitlan,2025-01-28,766350.0,1595250.0,0.26134238,13.018317,225,1
amatitlan,2025-01-28,766650.0,1595250.0,0.27475497,14.020194,225,1
amatitlan,2025-01-28,766950.0,1595250.0,0.26252276,12.753415,225,1
amatitlan,2025-01-28,767250.0,1595250.0,0.22150585,9.967686,225,0
amatitlan,2025-01-28,767550.0,1595250.0,0.20629624,8.333449,225,0
amatitlan,2025-01-28,767850.0,1595250.0,0.28272852,15.261955,225,1
amatitlan,2025-01-28,768150.0,1595250.0,0.27134216,13.693359,135,1
amatitlan,2025-01-28,754650.0,1595550.0,0.22783144,10.927515,180,0
amatitlan,2025-01-28,754950.0,1595550.0,0.15963691,8.074757,225,0
amatitlan,2025-01-28,755250.0,1595550.0,0.1257062,7.19138,225,0
amatitlan,2025-01-28,755550.0,1595550.0,0.17557693,8.182308,225,0
amatitlan,2025-01-28,755850.0,1595550.0,0.2116217,9.791283,225,0
amatitlan,2025-01-28,756150.0,1595550.0,0.21685462,10.333277,225,0
amatitlan,2025-01-28,756450.0,1595550.0,0.24576105,11.72041,225,0
amatitlan,2025-01-28,756750.0,1595550.0,0.2392909,10.899826,225,0
amatitlan,2025-01-28,757050.0,1595550.0,0.25316626,12.258833,225,1
amatitlan,2025-01-28,757350.0,1595550.0,0.24290271,11.531918,225,0
amatitlan,2025-01-28,757650.0,1595550.0,0.23509035,10.799542,225,0
amatitlan,2025-01-28,757950.0,1595550.0,0.22776622,10.428615,225,0
amatitlan,2025-01-28,758250.0,1595550.0,0.18826109,9.345001,225,0
amatitlan,2025-01-28,758550.0,1595550.0,0.20110926,10.418859,225,0
amatitlan,2025-01-28,758850.0,1595550.0,0.22820853,10.41363,225,0
amatitlan,2025-01-28,759150.0,1595550.0,0.24912088,12.40047,225,1
amatitlan,2025-01-28,759450.0,1595550.0,0.2288705,12.364389,225,1
amatitlan,2025-01-28,759750.0,1595550.0,0.23021628,11.027251,225,0
amatitlan,2025-01-28,760050.0,1595550.0,0.25510252,12.9429035,225,1
amatitlan,2025-01-28,760350.0,1595550.0,0.26702455,13.421232,225,1
amatitlan,2025-01-28,760650.0,1595550.0,0.286131,16.40101,225,1
amatitlan,2025-01-28,760950.0,1595550.0,0.15477349,9.101879,225,0
amatitlan,2025-01-28,761250.0,1595550.0,0.32121664,27.159954,225,1
amatitlan,2025-01-28,761550.0,1595550.0,0.30462041,18.657343,225,1
amatitlan,2025-01-28,761850.0,1595550.0,0.28778544,17.108183,225,1
amatitlan,2025-01-28,762150.0,1595550.0,0.2820844,16.412176,225,1
amatitlan,2025-01-28,762450.0,1595550.0,0.25057483,13.230621,225,1
amatitlan,2025-01-28,762750.0,1595550.0,0.19702128,9.797177,225,0
amatitlan,2025-01-28,763050.0,1595550.0,0.19824626,9.689072,225,0
amatitlan,2025-01-28,763350.0,1595550.0,0.17772011,7.9401293,225,0
amatitlan,2025-01-28,763650.0,1595550.0,0.19581221,8.6810255,225,0
amatitlan,2025-01-28,763950.0,1595550.0,0.15042919,7.4038095,225,0
amatitlan,2025-01-28,764250.0,1595550.0,0.17792118,8.900948,225,0
amatitlan,2025-01-28,764550.0,1595550.0,0.13919766,6.7957497,225,0
amatitlan,2025-01-28,764850.0,1595550.0,0.15849659,7.165349,225,0
amatitlan,2025-01-28,765150.0,1595550.0,0.1828594,9.67726,225,0
amatitlan,2025-01-28,765450.0,1595550.0,0.19365296,9.0427,225,0
amatitlan,2025-01-28,765750.0,1595550.0,0.21734294,9.624899,225,0
amatitlan,2025-01-28,766050.0,1595550.0,0.20598662,9.547924,225,0
amatitlan,2025-01-28,766350.0,1595550.0,0.2609925,13.042348,225,1
amatitlan,2025-01-28,766650.0,1595550.0,0.23936076,11.804415,225,0
amatitlan,2025-01-28,766950.0,1595550.0,0.26947665,13.700629,225,1
amatitlan,2025-01-28,767250.0,1595550.0,0.26010528,12.582047,225,1
amatitlan,2025-01-28,767550.0,1595550.0,0.24706376,11.372954,225,0
amatitlan,2025-01-28,767850.0,1595550.0,0.2721741,14.100809,225,1
amatitlan,2025-01-28,768150.0,1595550.0,0.2807435,15.181221,135,1
amatitlan,2025-01-28,754650.0,1595850.0,0.21465494,9.344494,180,0
amatitlan,2025-01-28,754950.0,1595850.0,0.20952183,9.6962805,225,0
amatitlan,2025-01-28,755250.0,1595850.0,0.17119212,8.058743,225,0
amatitlan,2025-01-28,755550.0,1595850.0,0.17965214,8.481433,225,0
amatitlan,2025-01-28,755850.0,1595850.0,0.2182451,10.009655,225,0
amatitlan,2025-01-28,756150.0,1595850.0,0.23951517,10.959208,225,0
amatitlan,2025-01-28,756450.0,1595850.0,0.23876463,10.944724,225,0
amatitlan,2025-01-28,756750.0,1595850.0,0.23682347,11.06632,225,0
amatitlan,2025-01-28,757050.0,1595850.0,0.23041904,10.194849,225,0
amatitlan,2025-01-28,757350.0,1595850.0,0.21419983,9.60243,225,0
amatitlan,2025-01-28,757650.0,1595850.0,0.21753451,9.454265,225,0
amatitlan,2025-01-28,757950.0,1595850.0,0.17315952,7.893409,225,0
amatitlan,2025-01-28,758250.0,1595850.0,0.17579444,8.5868435,225,0
amatitlan,2025-01-28,758550.0,1595850.0,0.20908745,10.337142,225,0
amatitlan,2025-01-28,758850.0,1595850.0,0.22698371,10.972706,225,0
amatitlan,2025-01-28,759150.0,1595850.0,0.2097914,11.020058,225,0
amatitlan,2025-01-28,759450.0,1595850.0,0.17198831,10.723856,225,0
amatitlan,2025-01-28,759750.0,1595850.0,0.23852223,11.874418,225,0
amatitlan,2025-01-28,760050.0,1595850.0,0.28209373,16.248726,225,1
amatitlan,2025-01-28,760350.0,1595850.0,0.22217742,11.030194,225,0
amatitlan,2025-01-28,760650.0,1595850.0,0.17034116,11.103704,225,0
amatitlan,2025-01-28,760950.0,1595850.0,0.2854419,16.34443,225,1
amatitlan,2025-01-28,761250.0,1595850.0,0.31991366,22.390903,225,1
amatitlan,2025-01-28,761550.0,1595850.0,0.25400534,12.864114,225,1
amatitlan,2025-01-28,761850.0,1595850.0,0.2066327,11.348096,225,0
amatitlan,2025-01-28,762150.0,1595850.0,0.12741998,6.4557657,225,0
amatitlan,2025-01-28,762450.0,1595850.0,0.22838241,12.737491,225,1
amatitlan,2025-01-28,762750.0,1595850.0,0.20612264,10.104388,225,0
amatitlan,2025-01-28,763050.0,1595850.0,0.19386102,9.022888,225,0
amatitlan,2025-01-28,763350.0,1595850.0,0.16821311,7.3750906,225,0
amatitlan,2025-01-28,763650.0,1595850.0,0.13960591,6.3703938,225,0
amatitlan,2025-01-28,763950.0,1595850.0,0.1954148,9.944465,225,0
amatitlan,2025-01-28,764250.0,1595850.0,0.1535713,7.7691555,225,0
amatitlan,2025-01-28,764550.0,1595850.0,0.107763804,7.25398,225,0
amatitlan,2025-01-28,764850.0,1595850.0,0.115113296,7.4627414,225,0
amatitlan,2025-01-28,765150.0,1595850.0,0.051083863,5.1459045,225,0
amatitlan,2025-01-28,765450.0,1595850.0,0.031491242,5.0714006,225,0
amatitlan,2025-01-28,765750.0,1595850.0,0.18007086,8.917711,225,0
amatitlan,2025-01-28,766050.0,1595850.0,0.21680935,10.0456295,225,0
amatitlan,2025-01-28,766350.0,1595850.0,0.25243324,12.616293,225,1
amatitlan,2025-01-28,766650.0,1595850.0,0.27115384,14.596659,225,1
amatitlan,2025-01-28,766950.0,1595850.0,0.25720036,12.652579,225,1
amatitlan,2025-01-28,767250.0,1595850.0,0.2518496,11.490485,225,0
amatitlan,2025-01-28,767550.0,1595850.0,0.25894132,12.357148,225,1
amatitlan,2025-01-28,767850.0,1595850.0,0.25577328,12.493291,225,1
amatitlan,2025-01-28,768150.0,1595850.0,0.30424148,17.644524,135,1
amatitlan,2025-01-28,754650.0,1596150.0,0.16884238,7.1734076,180,0
amatitlan,2025-01-28,754950.0,1596150.0,0.1647313,7.471924,225,0
amatitlan,2025-01-28,755250.0,1596150.0,0.22222002,10.322845,225,0
amatitlan,2025-01-28,755550.0,1596150.0,0.19641338,9.727253,225,0
amatitlan,2025-01-28,755850.0,1596150.0,0.1771972,8.308977,225,0
amatitlan,2025-01-28,756150.0,1596150.0,0.21184395,9.538238,225,0
amatitlan,2025-01-28,756450.0,1596150.0,0.24143434,11.139143,225,0
amatitlan,2025-01-28,756750.0,1596150.0,0.21573384,9.393159,225,0
amatitlan,2025-01-28,757050.0,1596150.0,0.20456286,9.087642,225,0
amatitlan,2025-01-28,757350.0,1596150.0,0.21368887,9.372518,225,0
amatitlan,2025-01-28,757650.0,1596150.0,0.18570219,8.274598,225,0
amatitlan,2025-01-28,757950.0,1596150.0,0.19090676,8.98535,225,0
amatitlan,2025-01-28,758250.0,1596150.0,0.22230563,11.207711,225,0
amatitlan,2025-01-28,758550.0,1596150.0,0.24785107,11.893728,225,0
amatitlan,2025-01-28,758850.0,1596150.0,0.23821771,11.06399,225,0
amatitlan,2025-01-28,759150.0,1596150.0,0.22344528,10.423395,225,0
amatitlan,2025-01-28,759450.0,1596150.0,0.20585202,10.49171,225,0
amatitlan,2025-01-28,759750.0,1596150.0,0.22575589,10.145052,225,0
amatitlan,2025-01-28,760050.0,1596150.0,0.28153402,14.967122,225,1
amatitlan,2025-01-28,760350.0,1596150.0,0.22263703,9.985357,225,0
amatitlan,2025-01-28,760650.0,1596150.0,0.20851995,11.40671,225,0
amatitlan,2025-01-28,760950.0,1596150.0,0.2030586,9.909214,225,0
amatitlan,2025-01-28,761250.0,1596150.0,0.2702851,17.051691,225,1
amatitlan,2025-01-28,761550.0,1596150.0,0.18564989,8.758267,225,0
amatitlan,2025-01-28,761850.0,1596150.0,0.22818078,12.258342,225,1
amatitlan,2025-01-28,762150.0,1596150.0,0.21102586,10.087246,225,0
amatitlan,2025-01-28,762450.0,1596150.0,0.24166152,12.008154,225,1
amatitlan,2025-01-28,762750.0,1596150.0,0.22689553,11.133194,225,0
amatitlan,2025-01-28,763050.0,1596150.0,0.18618238,8.592613,225,0
amatitlan,2025-01-28,763350.0,1596150.0,0.2057926,10.0104685,225,0
amatitlan,2025-01-28,763650.0,1596150.0,0.18691841,9.145624,225,0
amatitlan,2025-01-28,763950.0,1596150.0,0.10161381,6.711175,225,0
amatitlan,2025-01-28,764250.0,1596150.0,0.099288076,6.642998,225,0
amatitlan,2025-01-28,764550.0,1596150.0,0.028676685,4.475067,225,0
amatitlan,2025-01-28,764850.0,1596150.0,0.03796298,4.562873,225,0
amatitlan,2025-01-28,765150.0,1596150.0,0.03662124,4.55095,225,0
amatitlan,2025-01-28,765450.0,1596150.0,0.0058836807,4.156477,225,0
amatitlan,2025-01-28,765750.0,1596150.0,0.063481055,5.622121,225,0
amatitlan,2025-01-28,766050.0,1596150.0,0.23566453,11.127276,225,0
amatitlan,2025-01-28,766350.0,1596150.0,0.19455734,9.001576,225,0
amatitlan,2025-01-28,766650.0,1596150.0,0.19952917,10.930894,225,0
amatitlan,2025-01-28,766950.0,1596150.0,0.24895932,13.91489,225,1
amatitlan,2025-01-28,767250.0,1596150.0,0.25717074,12.428059,225,1
amatitlan,2025-01-28,767550.0,1596150.0,0.2688691,13.640963,225,1
amatitlan,2025-01-28,767850.0,1596150.0,0.25989518,13.294384,225,1
amatitlan,2025-01-28,768150.0,1596150.0,0.2918661,16.296436,135,1
amatitlan,2025-01-28,754650.0,1596450.0,0.1526869,6.873799,180,0
amatitlan,2025-01-28,754950.0,1596450.0,0.17570904,7.56031,225,0
amatitlan,2025-01-28,755250.0,1596450.0,0.20759603,8.992081,225,0
amatitlan,2025-01-28,755550.0,1596450.0,0.15581928,6.7795815,225,0
amatitlan,2025-01-28,755850.0,1596450.0,0.14993176,6.484472,225,0
amatitlan,2025-01-28,756150.0,1596450.0,0.19274572,8.498349,225,0
amatitlan,2025-01-28,756450.0,1596450.0,0.2304326,10.478186,225,0
amatitlan,2025-01-28,756750.0,1596450.0,0.2222323,9.558666,225,0
amatitlan,2025-01-28,757050.0,1596450.0,0.22574764,10.488739,225,0
amatitlan,2025-01-28,757350.0,1596450.0,0.2007023,9.791576,225,0
amatitlan,2025-01-28,757650.0,1596450.0,0.21735416,10.0496,225,0
amatitlan,2025-01-28,757950.0,1596450.0,0.22794253,12.124753,225,1
amatitlan,2025-01-28,758250.0,1596450.0,0.25842735,12.992164,225,1
amatitlan,2025-01-28,758550.0,1596450.0,0.259401,13.04355,225,1
amatitlan,2025-01-28,758850.0,1596450.0,0.23758951,11.246635,225,0
amatitlan,2025-01-28,759150.0,1596450.0,0.23680307,11.297641,225,0
amatitlan,2025-01-28,759450.0,1596450.0,0.23311828,11.396462,225,0
amatitlan,2025-01-28,759750.0,1596450.0,0.2494276,12.157823,225,1
amatitlan,2025-01-28,760050.0,1596450.0,0.23916975,10.984795,225,0
amatitlan,2025-01-28,760350.0,1596450.0,0.2531136,12.210198,225,1
amatitlan,2025-01-28,760650.0,1596450.0,0.19523564,8.709253,225,0
amatitlan,2025-01-28,760950.0,1596450.0,0.1223487,6.895155,225,0
amatitlan,2025-01-28,761250.0,1596450.0,0.23242776,13.73219,225,1
amatitlan,2025-01-28,761550.0,1596450.0,0.24508633,11.872394,225,0
amatitlan,2025-01-28,761850.0,1596450.0,0.27316868,14.380437,225,1
amatitlan,2025-01-28,762150.0,1596450.0,0.2610559,14.14592,225,1
amatitlan,2025-01-28,762450.0,1596450.0,0.21153927,11.605981,225,0
amatitlan,2025-01-28,762750.0,1596450.0,0.17003338,8.383129,225,0
amatitlan,2025-01-28,763050.0,1596450.0,0.17661978,8.183591,225,0
amatitlan,2025-01-28,763350.0,1596450.0,0.16993396,8.351753,225,0
amatitlan,2025-01-28,763650.0,1596450.0,0.20336302,11.02364,225,0
amatitlan,2025-01-28,763950.0,1596450.0,0.14202897,8.140195,225,0
amatitlan,2025-01-28,764250.0,1596450.0,0.049240757,4.6721077,225,0
amatitlan,2025-01-28,764550.0,1596450.0,0.03005896,4.4981194,225,0
amatitlan,2025-01-28,764850.0,1596450.0,0.044240348,4.6311593,225,0
amatitlan,2025-01-28,765150.0,1596450.0,0.030719955,4.495315,225,0
amatitlan,2025-01-28,765450.0,1596450.0,0.015620786,4.312773,225,0
amatitlan,2025-01-28,765750.0,1596450.0,0.086007595,6.5752335,225,0
amatitlan,2025-01-28,766050.0,1596450.0,0.20698865,9.222818,225,0
amatitlan,2025-01-28,766350.0,1596450.0,0.20886607,9.659655,225,0
amatitlan,2025-01-28,766650.0,1596450.0,0.23069492,10.745737,225,0
amatitlan,2025-01-28,766950.0,1596450.0,0.22538066,11.127468,225,0
amatitlan,2025-01-28,767250.0,1596450.0,0.2396995,12.957557,225,1
amatitlan,2025-01-28,767550.0,1596450.0,0.24610697,12.813138,225,1
amatitlan,2025-01-28,767850.0,1596450.0,0.25364256,12.539709,225,1
amatitlan,2025-01-28,768150.0,1596450.0,0.25442335,12.422853,135,1
amatitlan,2025-01-28,754650.0,1596750.0,0.17287636,8.189518,180,0
amatitlan,2025-01-28,754950.0,1596750.0,0.16455616,7.222515,225,0
amatitlan,2025-01-28,755250.0,1596750.0,0.16156739,6.999593,225,0
amatitlan,2025-01-28,755550.0,1596750.0,0.17809446,8.212615,225,0
amatitlan,2025-01-28,755850.0,1596750.0,0.08042881,5.2191176,225,0
amatitlan,2025-01-28,756150.0,1596750.0,0.15772036,7.0763373,225,0
amatitlan,2025-01-28,756450.0,1596750.0,0.18378161,7.7704215,225,0
amatitlan,2025-01-28,756750.0,1596750.0,0.20589547,9.202984,225,0
amatitlan,2025-01-28,757050.0,1596750.0,0.200624,10.237903,225,0
amatitlan,2025-01-28,757350.0,1596750.0,0.16726577,11.456118,225,0
amatitlan,2025-01-28,757650.0,1596750.0,0.19441533,12.164763,225,1
amatitlan,2025-01-28,757950.0,1596750.0,0.21866919,10.069162,225,0
amatitlan,2025-01-28,758250.0,1596750.0,0.26277146,12.894058,225,1
amatitlan,2025-01-28,758550.0,1596750.0,0.24638113,11.529328,225,0
amatitlan,2025-01-28,758850.0,1596750.0,0.24328913,11.931561,225,0
amatitlan,2025-01-28,759150.0,1596750.0,0.23117693,10.77826,225,0
amatitlan,2025-01-28,759450.0,1596750.0,0.22269136,10.387905,225,0
amatitlan,2025-01-28,759750.0,1596750.0,0.2514189,11.945676,225,0
amatitlan,2025-01-28,760050.0,1596750.0,0.2608196,12.795612,225,1
amatitlan,2025-01-28,760350.0,1596750.0,0.26490358,13.073735,225,1
amatitlan,2025-01-28,760650.0,1596750.0,0.24830961,11.527006,225,0
amatitlan,2025-01-28,760950.0,1596750.0,0.20941769,10.123975,225,0
amatitlan,2025-01-28,761250.0,1596750.0,0.2636221,13.500669,225,1
amatitlan,2025-01-28,761550.0,1596750.0,0.22676095,11.192199,225,0
amatitlan,2025-01-28,761850.0,1596750.0,0.24546723,11.290643,225,0
amatitlan,2025-01-28,762150.0,1596750.0,0.16086125,7.646482,225,0
amatitlan,2025-01-28,762450.0,1596750.0,0.10767933,5.688253,225,0
amatitlan,2025-01-28,762750.0,1596750.0,0.1687374,8.318689,225,0
amatitlan,2025-01-28,763050.0,1596750.0,0.1794685,10.380024,225,0
amatitlan,2025-01-28,763350.0,1596750.0,0.18471994,9.939785,225,0
amatitlan,2025-01-28,763650.0,1596750.0,0.09551419,6.4956965,225,0
amatitlan,2025-01-28,763950.0,1596750.0,0.034095038,4.536815,225,0
amatitlan,2025-01-28,764250.0,1596750.0,0.05530115,4.714305,225,0
amatitlan,2025-01-28,764550.0,1596750.0,0.042949963,4.6213746,225,0
amatitlan,2025-01-28,764850.0,1596750.0,0.040682606,4.602303,225,0
amatitlan,2025-01-28,765150.0,1596750.0,0.032564603,4.520996,225,0
amatitlan,2025-01-28,765450.0,1596750.0,0.016056204,4.3214583,225,0
amatitlan,2025-01-28,765750.0,1596750.0,0.14493941,7.6549935,225,0
amatitlan,2025-01-28,766050.0,1596750.0,0.24003248,11.966814,225,0
amatitlan,2025-01-28,766350.0,1596750.0,0.21734928,10.734108,225,0
amatitlan,2025-01-28,766650.0,1596750.0,0.23507255,10.802941,225,0
amatitlan,2025-01-28,766950.0,1596750.0,0.26751375,14.70426,225,1
amatitlan,2025-01-28,767250.0,1596750.0,0.26783732,14.695421,225,1
amatitlan,2025-01-28,767550.0,1596750.0,0.2433614,12.459486,225,1
amatitlan,2025-01-28,767850.0,1596750.0,0.26961097,15.317224,225,1
amatitlan,2025-01-28,768150.0,1596750.0,0.25907338,12.8708935,135,1
amatitlan,2025-01-28,754650.0,1597050.0,0.1261576,6.505765,180,0
amatitlan,2025-01-28,754950.0,1597050.0,0.08312935,5.9595737,225,0
amatitlan,2025-01-28,755250.0,1597050.0,0.15043376,6.977279,225,0
amatitlan,2025-01-28,755550.0,1597050.0,0.09600059,6.1341047,225,0
amatitlan,2025-01-28,755850.0,1597050.0,0.06537592,4.954189,225,0
amatitlan,2025-01-28,756150.0,1597050.0,0.11474776,5.7894115,225,0
amatitlan,2025-01-28,756450.0,1597050.0,0.15200274,6.306931,225,0
amatitlan,2025-01-28,756750.0,1597050.0,0.15984967,6.930197,225,0
amatitlan,2025-01-28,757050.0,1597050.0,0.203779,8.810808,225,0
amatitlan,2025-01-28,757350.0,1597050.0,0.19424643,8.745678,225,0
amatitlan,2025-01-28,757650.0,1597050.0,0.22470383,10.019394,225,0
amatitlan,2025-01-28,757950.0,1597050.0,0.23550978,11.122811,225,0
amatitlan,2025-01-28,758250.0,1597050.0,0.23979653,10.968314,225,0
amatitlan,2025-01-28,758550.0,1597050.0,0.2554221,12.327301,225,1
amatitlan,2025-01-28,758850.0,1597050.0,0.24785274,11.933825,225,0
amatitlan,2025-01-28,759150.0,1597050.0,0.22303785,10.886757,225,0
amatitlan,2025-01-28,759450.0,1597050.0,0.24381837,12.417714,225,1
amatitlan,2025-01-28,759750.0,1597050.0,0.24123752,11.002094,225,0
amatitlan,2025-01-28,760050.0,1597050.0,0.24547173,11.565673,225,0
amatitlan,2025-01-28,760350.0,1597050.0,0.23568669,11.146742,225,0
amatitlan,2025-01-28,760650.0,1597050.0,0.18720397,8.278701,225,0
amatitlan,2025-01-28,760950.0,1597050.0,0.18665718,7.8589444,225,0
amatitlan,2025-01-28,761250.0,1597050.0,0.23742314,11.004129,225,0
amatitlan,2025-01-28,761550.0,1597050.0,0.2239752,10.387145,225,0
amatitlan,2025-01-28,761850.0,1597050.0,0.2599419,12.678442,225,1
amatitlan,2025-01-28,762150.0,1597050.0,0.22376995,11.19472,225,0
amatitlan,2025-01-28,762450.0,1597050.0,0.17953134,9.688064,225,0
amatitlan,2025-01-28,762750.0,1597050.0,0.23878998,11.5676775,225,0
amatitlan,2025-01-28,763050.0,1597050.0,0.22256841,11.346701,225,0
amatitlan,2025-01-28,763350.0,1597050.0,0.12381671,7.841189,225,0
amatitlan,2025-01-28,763650.0,1597050.0,0.011581725,4.2423697,225,0
amatitlan,2025-01-28,763950.0,1597050.0,0.020772606,4.3775496,225,0
amatitlan,2025-01-28,764250.0,1597050.0,0.0220167,4.3887677,225,0
amatitlan,2025-01-28,764550.0,1597050.0,0.03830071,4.5657988,225,0
amatitlan,2025-01-28,764850.0,1597050.0,0.046861794,4.6540465,225,0
amatitlan,2025-01-28,765150.0,1597050.0,0.03330489,4.526614,225,0
amatitlan,2025-01-28,765450.0,1597050.0,0.011524361,4.2453256,225,0
amatitlan,2025-01-28,765750.0,1597050.0,0.15734263,8.483316,225,0
amatitlan,2025-01-28,766050.0,1597050.0,0.21841349,9.527031,225,0
amatitlan,2025-01-28,766350.0,1597050.0,0.24631931,12.713478,225,1
amatitlan,2025-01-28,766650.0,1597050.0,0.19962038,9.6156,225,0
amatitlan,2025-01-28,766950.0,1597050.0,0.2735668,15.206101,225,1
amatitlan,2025-01-28,767250.0,1597050.0,0.26109055,14.711112,225,1
amatitlan,2025-01-28,767550.0,1597050.0,0.22200574,12.90596,225,1
amatitlan,2025-01-28,767850.0,1597050.0,0.22496584,11.900798,225,0
amatitlan,2025-01-28,768150.0,1597050.0,0.21142578,9.724153,135,0
amatitlan,2025-01-28,754650.0,1597350.0,0.13086519,6.4765034,180,0
amatitlan,2025-01-28,754950.0,1597350.0,0.040370397,4.4558606,225,0
amatitlan,2025-01-28,755250.0,1597350.0,0.07405885,4.811815,225,0
amatitlan,2025-01-28,755550.0,1597350.0,0.05680086,4.7287984,225,0
amatitlan,2025-01-28,755850.0,1597350.0,0.10174878,5.96385,225,0
amatitlan,2025-01-28,756150.0,1597350.0,0.11265734,6.0172124,225,0
amatitlan,2025-01-28,756450.0,1597350.0,0.083906054,5.1647434,225,0
amatitlan,2025-01-28,756750.0,1597350.0,0.18278468,8.30667,225,0
amatitlan,2025-01-28,757050.0,1597350.0,0.19646347,8.451317,225,0
amatitlan,2025-01-28,757350.0,1597350.0,0.18899624,8.307682,225,0
amatitlan,2025-01-28,757650.0,1597350.0,0.22864045,10.107318,225,0
amatitlan,2025-01-28,757950.0,1597350.0,0.25447565,11.948612,225,0
amatitlan,2025-01-28,758250.0,1597350.0,0.23591256,11.421597,225,0
amatitlan,2025-01-28,758550.0,1597350.0,0.20775014,9.569553,225,0
amatitlan,2025-01-28,758850.0,1597350.0,0.23966582,11.927312,225,0
amatitlan,2025-01-28,759150.0,1597350.0,0.23466192,11.208818,225,0
amatitlan,2025-01-28,759450.0,1597350.0,0.26147908,12.885072,225,1
amatitlan,2025-01-28,759750.0,1597350.0,0.24939239,11.32986,225,0
amatitlan,2025-01-28,760050.0,1597350.0,0.25791207,12.39102,225,1
amatitlan,2025-01-28,760350.0,1597350.0,0.23109016,11.317233,225,0
amatitlan,2025-01-28,760650.0,1597350.0,0.1875436,8.051549,225,0
amatitlan,2025-01-28,760950.0,1597350.0,0.15353756,6.719696,225,0
amatitlan,2025-01-28,761250.0,1597350.0,0.19218312,8.664446,225,0
amatitlan,2025-01-28,761550.0,1597350.0,0.21162942,9.708877,225,0
amatitlan,2025-01-28,761850.0,1597350.0,0.23025204,11.301932,225,0
amatitlan,2025-01-28,762150.0,1597350.0,0.20560771,10.205517,225,0
amatitlan,2025-01-28,762450.0,1597350.0,0.2169022,11.477237,225,0
amatitlan,2025-01-28,762750.0,1597350.0,0.23340556,11.755892,225,0
amatitlan,2025-01-28,763050.0,1597350.0,0.22885393,10.557383,225,0
amatitlan,2025-01-28,763350.0,1597350.0,0.05204754,5.542532,225,0
amatitlan,2025-01-28,763650.0,1597350.0,0.0016913535,4.072453,225,0
amatitlan,2025-01-28,763950.0,1597350.0,0.013498929,4.278582,225,0
amatitlan,2025-01-28,764250.0,1597350.0,0.010554941,4.233774,225,0
amatitlan,2025-01-28,764550.0,1597350.0,0.035546433,4.524436,225,0
amatitlan,2025-01-28,764850.0,1597350.0,0.0492287,4.6725326,225,0
amatitlan,2025-01-28,765150.0,1597350.0,0.032954413,4.523707,225,0
amatitlan,2025-01-28,765450.0,1597350.0,0.015452768,4.303043,225,0
amatitlan,2025-01-28,765750.0,1597350.0,0.12085387,6.7522054,225,0
amatitlan,2025-01-28,766050.0,1597350.0,0.17401242,7.867249,225,0
amatitlan,2025-01-28,766350.0,1597350.0,0.19377612,9.154074,225,0
amatitlan,2025-01-28,766650.0,1597350.0,0.19191334,9.320237,225,0
amatitlan,2025-01-28,766950.0,1597350.0,0.20642242,9.880652,225,0
amatitlan,2025-01-28,767250.0,1597350.0,0.24870913,13.3471775,225,1
amatitlan,2025-01-28,767550.0,1597350.0,0.21839365,12.419534,225,1
amatitlan,2025-01-28,767850.0,1597350.0,0.24372804,12.363029,225,1
amatitlan,2025-01-28,768150.0,1597350.0,0.20100953,8.809462,135,0
amatitlan,2025-01-28,754650.0,1597650.0,0.022597056,4.154631,180,0
amatitlan,2025-01-28,754950.0,1597650.0,0.036011543,4.9934344,225,0
amatitlan,2025-01-28,755250.0,1597650.0,0.06326533,4.8163843,225,0
amatitlan,2025-01-28,755550.0,1597650.0,0.078329414,5.2807145,225,0
amatitlan,2025-01-28,755850.0,1597650.0,0.105715804,6.0463133,225,0
amatitlan,2025-01-28,756150.0,1597650.0,0.1255502,7.3411875,225,0
amatitlan,2025-01-28,756450.0,1597650.0,0.11475886,6.0699453,225,0
amatitlan,2025-01-28,756750.0,1597650.0,0.11163913,6.13011,225,0
amatitlan,2025-01-28,757050.0,1597650.0,0.15898831,7.3309107,225,0
amatitlan,2025-01-28,757350.0,1597650.0,0.23027493,9.962794,225,0
amatitlan,2025-01-28,757650.0,1597650.0,0.21609025,9.825635,225,0
amatitlan,2025-01-28,757950.0,1597650.0,0.23010845,10.879677,225,0
amatitlan,2025-01-28,758250.0,1597650.0,0.23181744,10.273256,225,0
amatitlan,2025-01-28,758550.0,1597650.0,0.1772311,7.6466775,225,0
amatitlan,2025-01-28,758850.0,1597650.0,0.20877753,9.62422,225,0
amatitlan,2025-01-28,759150.0,1597650.0,0.24650422,12.340199,225,1
amatitlan,2025-01-28,759450.0,1597650.0,0.23464544,10.714317,225,0
amatitlan,2025-01-28,759750.0,1597650.0,0.23044172,10.183407,225,0
amatitlan,2025-01-28,760050.0,1597650.0,0.21840148,10.462451,225,0
amatitlan,2025-01-28,760350.0,1597650.0,0.2426157,11.504034,225,0
amatitlan,2025-01-28,760650.0,1597650.0,0.21391411,9.85139,225,0
amatitlan,2025-01-28,760950.0,1597650.0,0.16858476,8.100672,225,0
amatitlan,2025-01-28,761250.0,1597650.0,0.1384664,6.316409,225,0
amatitlan,2025-01-28,761550.0,1597650.0,0.15871836,7.033124,225,0
amatitlan,2025-01-28,761850.0,1597650.0,0.20647137,9.38765,225,0
amatitlan,2025-01-28,762150.0,1597650.0,0.19640146,9.329387,225,0
amatitlan,2025-01-28,762450.0,1597650.0,0.24535742,12.074571,225,1
amatitlan,2025-01-28,762750.0,1597650.0,0.2266689,10.742788,225,0
amatitlan,2025-01-28,763050.0,1597650.0,0.23979264,11.062575,225,0
amatitlan,2025-01-28,763350.0,1597650.0,0.032648627,5.1702404,225,0
amatitlan,2025-01-28,763650.0,1597650.0,-0.0040938198,3.965685,225,0
amatitlan,2025-01-28,763950.0,1597650.0,0.010939968,4.2430487,225,0
amatitlan,2025-01-28,764250.0,1597650.0,0.015309742,4.2943363,225,0
amatitlan,2025-01-28,764550.0,1597650.0,0.032032203,4.499155,225,0
amatitlan,2025-01-28,764850.0,1597650.0,0.058784854,4.7434616,225,0
amatitlan,2025-01-28,765150.0,1597650.0,0.043087263,4.621463,225,0
amatitlan,2025-01-28,765450.0,1597650.0,0.019174714,4.3543944,225,0
amatitlan,2025-01-28,765750.0,1597650.0,0.21054174,10.857322,225,0
amatitlan,2025-01-28,766050.0,1597650.0,0.24462013,11.426626,225,0
amatitlan,2025-01-28,766350.0,1597650.0,0.2025943,8.720487,225,0
amatitlan,2025-01-28,766650.0,1597650.0,0.21347432,9.923907,225,0
amatitlan,2025-01-28,766950.0,1597650.0,0.25889933,14.177582,225,1
amatitlan,2025-01-28,767250.0,1597650.0,0.26638788,14.405953,225,1
amatitlan,2025-01-28,767550.0,1597650.0,0.25109866,14.395743,225,1
amatitlan,2025-01-28,767850.0,1597650.0,0.28426564,15.144345,225,1
amatitlan,2025-01-28,768150.0,1597650.0,0.2473601,12.964825,135,1
amatitlan,2025-01-28,754650.0,1597950.0,0.010816813,4.1070075,180,0
amatitlan,2025-01-28,754950.0,1597950.0,0.04203473,4.6881366,225,0
amatitlan,2025-01-28,755250.0,1597950.0,0.04800141,4.625174,225,0
amatitlan,2025-01-28,755550.0,1597950.0,0.07615107,5.6108494,225,0
amatitlan,2025-01-28,755850.0,1597950.0,0.11850284,6.823456,225,0
amatitlan,2025-01-28,756150.0,1597950.0,0.0658952,5.078873,225,0
amatitlan,2025-01-28,756450.0,1597950.0,0.11719371,6.9661546,225,0
amatitlan,2025-01-28,756750.0,1597950.0,0.18019678,9.55115,225,0
amatitlan,2025-01-28,757050.0,1597950.0,0.20251505,10.253491,225,0
amatitlan,2025-01-28,757350.0,1597950.0,0.23820204,11.017563,225,0
amatitlan,2025-01-28,757650.0,1597950.0,0.23259214,10.259778,225,0
amatitlan,2025-01-28,757950.0,1597950.0,0.17146917,8.698652,225,0
amatitlan,2025-01-28,758250.0,1597950.0,0.13823712,7.7330008,225,0
amatitlan,2025-01-28,758550.0,1597950.0,0.12589635,6.5071793,225,0
amatitlan,2025-01-28,758850.0,1597950.0,0.16581844,7.5150027,225,0
amatitlan,2025-01-28,759150.0,1597950.0,0.19998638,10.357209,225,0
amatitlan,2025-01-28,759450.0,1597950.0,0.17806792,9.494325,225,0
amatitlan,2025-01-28,759750.0,1597950.0,0.20467305,10.403729,225,0
amatitlan,2025-01-28,760050.0,1597950.0,0.17143016,9.634469,225,0
amatitlan,2025-01-28,760350.0,1597950.0,0.17115112,8.380748,225,0
amatitlan,2025-01-28,760650.0,1597950.0,0.1782487,8.347709,225,0
amatitlan,2025-01-28,760950.0,1597950.0,0.1495673,6.9626865,225,0
amatitlan,2025-01-28,761250.0,1597950.0,0.10971292,5.6643996,225,0
amatitlan,2025-01-28,761550.0,1597950.0,0.110240646,5.5956273,225,0
amatitlan,2025-01-28,761850.0,1597950.0,0.13231315,6.7890005,225,0
amatitlan,2025-01-28,762150.0,1597950.0,0.14750478,8.463188,225,0
amatitlan,2025-01-28,762450.0,1597950.0,0.15810946,7.919259,225,0
amatitlan,2025-01-28,762750.0,1597950.0,0.18067259,8.131851,225,0
amatitlan,2025-01-28,763050.0,1597950.0,0.12438218,8.155368,225,0
amatitlan,2025-01-28,763350.0,1597950.0,-0.0054646926,3.89287,225,0
amatitlan,2025-01-28,763650.0,1597950.0,-0.0020184102,4.003635,225,0
amatitlan,2025-01-28,763950.0,1597950.0,0.0178277,4.299073,225,0
amatitlan,2025-01-28,764250.0,1597950.0,0.02053671,4.380383,225,0
amatitlan,2025-01-28,764550.0,1597950.0,0.049878407,4.666048,225,0
amatitlan,2025-01-28,764850.0,1597950.0,0.062461477,4.768458,225,0
amatitlan,2025-01-28,765150.0,1597950.0,0.04842465,4.665329,225,0
amatitlan,2025-01-28,765450.0,1597950.0,0.028489664,4.471891,225,0
amatitlan,2025-01-28,765750.0,1597950.0,0.059948687,5.616518,225,0
amatitlan,2025-01-28,766050.0,1597950.0,0.23441349,11.085036,225,0
amatitlan,2025-01-28,766350.0,1597950.0,0.2082687,8.808961,225,0
amatitlan,2025-01-28,766650.0,1597950.0,0.18467617,8.040463,225,0
amatitlan,2025-01-28,766950.0,1597950.0,0.2401828,11.444672,225,0
amatitlan,2025-01-28,767250.0,1597950.0,0.23895414,11.190696,225,0
amatitlan,2025-01-28,767550.0,1597950.0,0.25241694,12.7041855,225,1
amatitlan,2025-01-28,767850.0,1597950.0,0.24389958,11.318162,225,0
amatitlan,2025-01-28,768150.0,1597950.0,0.25868022,12.973711,135,1
amatitlan,2025-01-28,754650.0,1598250.0,0.020900067,3.9283125,180,0
amatitlan,2025-01-28,754950.0,1598250.0,0.03748989,4.1406255,225,0
amatitlan,2025-01-28,755250.0,1598250.0,0.060181372,4.860651,225,0
amatitlan,2025-01-28,755550.0,1598250.0,0.08585974,5.292748,225,0
amatitlan,2025-01-28,755850.0,1598250.0,0.14956747,7.0672374,225,0
amatitlan,2025-01-28,756150.0,1598250.0,0.10757274,6.0376263,225,0
amatitlan,2025-01-28,756450.0,1598250.0,0.17371443,8.489412,225,0
amatitlan,2025-01-28,756750.0,1598250.0,0.15392861,8.128446,225,0
amatitlan,2025-01-28,757050.0,1598250.0,0.25804824,12.312449,225,1
amatitlan,2025-01-28,757350.0,1598250.0,0.23078172,11.008954,225,0
amatitlan,2025-01-28,757650.0,1598250.0,0.21589623,10.167842,225,0
amatitlan,2025-01-28,757950.0,1598250.0,0.16993536,8.665594,225,0
amatitlan,2025-01-28,758250.0,1598250.0,0.13441521,7.4830546,225,0
amatitlan,2025-01-28,758550.0,1598250.0,0.14388825,8.013908,225,0
amatitlan,2025-01-28,758850.0,1598250.0,0.1423763,7.4085455,225,0
amatitlan,2025-01-28,759150.0,1598250.0,0.16804348,7.9533796,225,0
amatitlan,2025-01-28,759450.0,1598250.0,0.2075992,9.681751,225,0
amatitlan,2025-01-28,759750.0,1598250.0,0.25097445,11.640774,225,0
amatitlan,2025-01-28,760050.0,1598250.0,0.22484954,10.635859,225,0
amatitlan,2025-01-28,760350.0,1598250.0,0.21916506,11.213806,225,0
amatitlan,2025-01-28,760650.0,1598250.0,0.21665522,9.933734,225,0
amatitlan,2025-01-28,760950.0,1598250.0,0.13308272,6.460815,225,0
amatitlan,2025-01-28,761250.0,1598250.0,0.11361583,5.73107,225,0
amatitlan,2025-01-28,761550.0,1598250.0,0.12800844,5.9472113,225,0
amatitlan,2025-01-28,761850.0,1598250.0,0.12075459,7.124269,225,0
amatitlan,2025-01-28,762150.0,1598250.0,0.16888632,9.499394,225,0
amatitlan,2025-01-28,762450.0,1598250.0,0.23166116,11.885181,225,0
amatitlan,2025-01-28,762750.0,1598250.0,0.112003155,7.35439,225,0
amatitlan,2025-01-28,763050.0,1598250.0,0.007154031,4.2309003,225,0
amatitlan,2025-01-28,763350.0,1598250.0,-0.0017968954,4.0113606,225,0
amatitlan,2025-01-28,763650.0,1598250.0,-0.012176255,3.7915163,225,0
amatitlan,2025-01-28,763950.0,1598250.0,0.026524002,4.4277687,225,0
amatitlan,2025-01-28,764250.0,1598250.0,0.024764698,4.4278975,225,0
amatitlan,2025-01-28,764550.0,1598250.0,0.031626653,4.493113,225,0
amatitlan,2025-01-28,764850.0,1598250.0,0.0571628,4.719633,225,0
amatitlan,2025-01-28,765150.0,1598250.0,0.056250732,4.725011,225,0
amatitlan,2025-01-28,765450.0,1598250.0,0.032914273,4.5221443,225,0
amatitlan,2025-01-28,765750.0,1598250.0,0.026637018,4.452718,225,0
amatitlan,2025-01-28,766050.0,1598250.0,0.076847374,5.5772586,225,0
amatitlan,2025-01-28,766350.0,1598250.0,0.17269811,10.145994,225,0
amatitlan,2025-01-28,766650.0,1598250.0,0.18953386,8.893419,225,0
amatitlan,2025-01-28,766950.0,1598250.0,0.20642395,10.016016,225,0
amatitlan,2025-01-28,767250.0,1598250.0,0.19489755,9.216964,225,0
amatitlan,2025-01-28,767550.0,1598250.0,0.22545329,10.856748,225,0
amatitlan,2025-01-28,767850.0,1598250.0,0.25406066,12.403485,225,1
amatitlan,2025-01-28,768150.0,1598250.0,0.24864666,12.198663,135,1
amatitlan,2025-01-28,754650.0,1598550.0,0.11778777,7.2814593,180,0
amatitlan,2025-01-28,754950.0,1598550.0,0.07957734,5.7136064,225,0
amatitlan,2025-01-28,755250.0,1598550.0,0.07260845,4.9651732,225,0
amatitlan,2025-01-28,755550.0,1598550.0,0.050048,4.6876183,225,0
amatitlan,2025-01-28,755850.0,1598550.0,0.08265187,5.2581606,225,0
amatitlan,2025-01-28,756150.0,1598550.0,0.1330493,6.8139772,225,0
amatitlan,2025-01-28,756450.0,1598550.0,0.20940782,9.967823,225,0
amatitlan,2025-01-28,756750.0,1598550.0,0.19847573,9.995506,225,0
amatitlan,2025-01-28,757050.0,1598550.0,0.24131475,11.845961,225,0
amatitlan,2025-01-28,757350.0,1598550.0,0.16640598,8.848251,225,0
amatitlan,2025-01-28,757650.0,1598550.0,0.21097715,10.400821,225,0
amatitlan,2025-01-28,757950.0,1598550.0,0.21480651,10.12522,225,0
amatitlan,2025-01-28,758250.0,1598550.0,0.20955217,10.488109,225,0
amatitlan,2025-01-28,758550.0,1598550.0,0.20599577,10.316793,225,0
amatitlan,2025-01-28,758850.0,1598550.0,0.18978415,9.318924,225,0
amatitlan,2025-01-28,759150.0,1598550.0,0.24540278,11.50737,225,0
amatitlan,2025-01-28,759450.0,1598550.0,0.21666764,10.053307,225,0
amatitlan,2025-01-28,759750.0,1598550.0,0.22579393,10.943741,225,0
amatitlan,2025-01-28,760050.0,1598550.0,0.22399,10.343311,225,0
amatitlan,2025-01-28,760350.0,1598550.0,0.24515365,12.152689,225,1
amatitlan,2025-01-28,760650.0,1598550.0,0.24808247,11.73464,225,0
amatitlan,2025-01-28,760950.0,1598550.0,0.17888899,8.605512,225,0
amatitlan,2025-01-28,761250.0,1598550.0,0.09746996,5.3265257,225,0
amatitlan,2025-01-28,761550.0,1598550.0,0.090789385,5.1243653,225,0
amatitlan,2025-01-28,761850.0,1598550.0,0.12839417,5.765991,225,0
amatitlan,2025-01-28,762150.0,1598550.0,0.13036522,6.108539,225,0
amatitlan,2025-01-28,762450.0,1598550.0,0.12885033,6.120862,225,0
amatitlan,2025-01-28,762750.0,1598550.0,0.02873146,4.502169,225,0
amatitlan,2025-01-28,763050.0,1598550.0,-0.007474829,3.8953674,225,0
amatitlan,2025-01-28,763350.0,1598550.0,-0.008762767,3.8585017,225,0
amatitlan,2025-01-28,763650.0,1598550.0,-0.012039967,3.7899306,225,0
amatitlan,2025-01-28,763950.0,1598550.0,0.05044652,5.1450953,225,0
amatitlan,2025-01-28,764250.0,1598550.0,0.13484974,9.000489,225,0
amatitlan,2025-01-28,764550.0,1598550.0,0.10806814,6.541743,225,0
amatitlan,2025-01-28,764850.0,1598550.0,0.090106286,5.9091086,225,0
amatitlan,2025-01-28,765150.0,1598550.0,0.06682418,5.0643225,225,0
amatitlan,2025-01-28,765450.0,1598550.0,0.03691117,4.7516294,225,0
amatitlan,2025-01-28,765750.0,1598550.0,0.09957264,7.188988,225,0
amatitlan,2025-01-28,766050.0,1598550.0,0.094320826,6.392315,225,0
amatitlan,2025-01-28,766350.0,1598550.0,0.107895374,6.68338,225,0
amatitlan,2025-01-28,766650.0,1598550.0,0.22667366,12.026237,225,1
amatitlan,2025-01-28,766950.0,1598550.0,0.26476637,15.419825,225,1
amatitlan,2025-01-28,767250.0,1598550.0,0.268437,16.100527,225,1
amatitlan,2025-01-28,767550.0,1598550.0,0.2668592,14.684258,225,1
amatitlan,2025-01-28,767850.0,1598550.0,0.25606397,13.418339,225,1
amatitlan,2025-01-28,768150.0,1598550.0,0.2552705,14.330022,135,1
amatitlan,2025-01-28,754650.0,1598850.0,0.046510674,5.0420384,180,0
amatitlan,2025-01-28,754950.0,1598850.0,0.134445,7.3896756,225,0
amatitlan,2025-01-28,755250.0,1598850.0,0.065773934,5.6498094,225,0
amatitlan,2025-01-28,755550.0,1598850.0,0.05434193,4.465461,225,0
amatitlan,2025-01-28,755850.0,1598850.0,0.12339582,6.4267397,225,0
amatitlan,2025-01-28,756150.0,1598850.0,0.15840109,7.102886,225,0
amatitlan,2025-01-28,756450.0,1598850.0,0.18945952,8.50094,225,0
amatitlan,2025-01-28,756750.0,1598850.0,0.16357903,8.066192,225,0
amatitlan,2025-01-28,757050.0,1598850.0,0.22478752,12.141529,225,1
amatitlan,2025-01-28,757350.0,1598850.0,0.26693994,13.687241,225,1
amatitlan,2025-01-28,757650.0,1598850.0,0.25668904,12.31698,225,1
amatitlan,2025-01-28,757950.0,1598850.0,0.25906205,13.592795,225,1
amatitlan,2025-01-28,758250.0,1598850.0,0.25637758,12.783639,225,1
amatitlan,2025-01-28,758550.0,1598850.0,0.20239103,10.429601,225,0
amatitlan,2025-01-28,758850.0,1598850.0,0.13350177,7.5193434,225,0
amatitlan,2025-01-28,759150.0,1598850.0,0.12593572,6.3576283,225,0
amatitlan,2025-01-28,759450.0,1598850.0,0.14254387,6.8956256,225,0
amatitlan,2025-01-28,759750.0,1598850.0,0.16549267,7.819595,225,0
amatitlan,2025-01-28,760050.0,1598850.0,0.23582438,11.2661915,225,0
amatitlan,2025-01-28,760350.0,1598850.0,0.20465387,9.6071415,225,0
amatitlan,2025-01-28,760650.0,1598850.0,0.17511593,8.898419,225,0
amatitlan,2025-01-28,760950.0,1598850.0,0.113764904,6.1463375,225,0
amatitlan,2025-01-28,761250.0,1598850.0,0.11443725,5.8657894,225,0
amatitlan,2025-01-28,761550.0,1598850.0,0.09330996,5.3816204,225,0
amatitlan,2025-01-28,761850.0,1598850.0,0.13961278,6.3934045,225,0
amatitlan,2025-01-28,762150.0,1598850.0,0.13345504,6.5379033,225,0
amatitlan,2025-01-28,762450.0,1598850.0,0.050227128,5.3990607,225,0
amatitlan,2025-01-28,762750.0,1598850.0,0.013008395,4.395515,225,0
amatitlan,2025-01-28,763050.0,1598850.0,0.015181988,4.361597,225,0
amatitlan,2025-01-28,763350.0,1598850.0,0.018004762,4.769468,225,0
amatitlan,2025-01-28,763650.0,1598850.0,0.06774176,5.382688,225,0
amatitlan,2025-01-28,763950.0,1598850.0,0.18630289,9.7110615,225,0
amatitlan,2025-01-28,764250.0,1598850.0,0.12026797,6.953762,225,0
amatitlan,2025-01-28,764550.0,1598850.0,0.13116376,6.54811,225,0
amatitlan,2025-01-28,764850.0,1598850.0,0.15533154,6.843377,225,0
amatitlan,2025-01-28,765150.0,1598850.0,0.159924,8.523139,225,0
amatitlan,2025-01-28,765450.0,1598850.0,0.18562011,9.80686,225,0
amatitlan,2025-01-28,765750.0,1598850.0,0.1394928,8.745686,225,0
amatitlan,2025-01-28,766050.0,1598850.0,0.064107336,5.600929,225,0
amatitlan,2025-01-28,766350.0,1598850.0,0.12612084,6.746014,225,0
amatitlan,2025-01-28,766650.0,1598850.0,0.13865224,6.739861,225,0
amatitlan,2025-01-28,766950.0,1598850.0,0.22379103,10.927908,225,0
amatitlan,2025-01-28,767250.0,1598850.0,0.27275482,15.840988,225,1
amatitlan,2025-01-28,767550.0,1598850.0,0.26163855,13.715473,225,1
amatitlan,2025-01-28,767850.0,1598850.0,0.23061445,10.875546,225,0
amatitlan,2025-01-28,768150.0,1598850.0,0.25766945,13.238826,135,1
amatitlan,2025-01-28,754650.0,1599150.0,0.023404881,4.1969895,180,0
amatitlan,2025-01-28,754950.0,1599150.0,0.044305034,4.3564944,225,0
amatitlan,2025-01-28,755250.0,1599150.0,0.09764685,7.353903,225,0
amatitlan,2025-01-28,755550.0,1599150.0,0.09892824,5.4731226,225,0
amatitlan,2025-01-28,755850.0,1599150.0,0.11874318,5.4870853,225,0
amatitlan,2025-01-28,756150.0,1599150.0,0.10716978,5.2740955,225,0
amatitlan,2025-01-28,756450.0,1599150.0,0.10334317,5.847836,225,0
amatitlan,2025-01-28,756750.0,1599150.0,0.10313424,6.371457,225,0
amatitlan,2025-01-28,757050.0,1599150.0,0.24278508,11.713561,225,0
amatitlan,2025-01-28,757350.0,1599150.0,0.2701436,13.765316,225,1
amatitlan,2025-01-28,757650.0,1599150.0,0.2513141,12.464574,225,1
amatitlan,2025-01-28,757950.0,1599150.0,0.27085665,14.623514,225,1
amatitlan,2025-01-28,758250.0,1599150.0,0.22871055,11.304878,225,0
amatitlan,2025-01-28,758550.0,1599150.0,0.27167505,13.863164,225,1
amatitlan,2025-01-28,758850.0,1599150.0,0.19552206,9.113853,225,0
amatitlan,2025-01-28,759150.0,1599150.0,0.13353984,6.145252,225,0
amatitlan,2025-01-28,759450.0,1599150.0,0.17827503,8.150366,225,0
amatitlan,2025-01-28,759750.0,1599150.0,0.15319847,6.716696,225,0
amatitlan,2025-01-28,760050.0,1599150.0,0.14872813,6.7324743,225,0
amatitlan,2025-01-28,760350.0,1599150.0,0.21643354,10.004083,225,0
amatitlan,2025-01-28,760650.0,1599150.0,0.18508074,8.822348,225,0
amatitlan,2025-01-28,760950.0,1599150.0,0.10849793,5.326823,225,0
amatitlan,2025-01-28,761250.0,1599150.0,0.09854611,5.526269,225,0
amatitlan,2025-01-28,761550.0,1599150.0,0.1722658,7.7062635,225,0
amatitlan,2025-01-28,761850.0,1599150.0,0.16943984,7.591872,225,0
amatitlan,2025-01-28,762150.0,1599150.0,0.066420324,5.5676866,225,0
amatitlan,2025-01-28,762450.0,1599150.0,0.04456805,5.5821996,225,0
amatitlan,2025-01-28,762750.0,1599150.0,0.12984082,10.5293455,225,0
amatitlan,2025-01-28,763050.0,1599150.0,0.050616503,4.9573827,225,0
amatitlan,2025-01-28,763350.0,1599150.0,0.113581985,7.7404304,225,0
amatitlan,2025-01-28,763650.0,1599150.0,0.09400653,5.587854,225,0
amatitlan,2025-01-28,763950.0,1599150.0,0.102529146,6.320462,225,0
amatitlan,2025-01-28,764250.0,1599150.0,0.07540462,5.5261126,225,0
amatitlan,2025-01-28,764550.0,1599150.0,0.06941721,5.858016,225,0
amatitlan,2025-01-28,764850.0,1599150.0,0.15211071,8.429999,225,0
amatitlan,2025-01-28,765150.0,1599150.0,0.16242155,10.199911,225,0
amatitlan,2025-01-28,765450.0,1599150.0,0.13210738,7.309124,225,0
amatitlan,2025-01-28,765750.0,1599150.0,0.08948917,5.777583,225,0
amatitlan,2025-01-28,766050.0,1599150.0,0.034308184,4.581837,225,0
amatitlan,2025-01-28,766350.0,1599150.0,0.09651573,6.0066543,225,0
amatitlan,2025-01-28,766650.0,1599150.0,0.074224554,5.148954,225,0
amatitlan,2025-01-28,766950.0,1599150.0,0.13950527,6.6085057,225,0
amatitlan,2025-01-28,767250.0,1599150.0,0.29154703,16.837048,225,1
amatitlan,2025-01-28,767550.0,1599150.0,0.21341929,10.86333,225,0
amatitlan,2025-01-28,767850.0,1599150.0,0.22208948,10.373167,225,0
amatitlan,2025-01-28,768150.0,1599150.0,0.27659827,14.537008,135,1
amatitlan,2025-01-28,754650.0,1599450.0,0.10180468,8.180524,180,0
amatitlan,2025-01-28,754950.0,1599450.0,0.024994105,3.98784,225,0
amatitlan,2025-01-28,755250.0,1599450.0,0.14347199,7.0359855,225,0
amatitlan,2025-01-28,755550.0,1599450.0,0.13156645,6.3198147,225,0
amatitlan,2025-01-28,755850.0,1599450.0,0.08266802,5.0668235,225,0
amatitlan,2025-01-28,756150.0,1599450.0,0.10406444,5.528465,225,0
amatitlan,2025-01-28,756450.0,1599450.0,0.044970512,4.39565,225,0
amatitlan,2025-01-28,756750.0,1599450.0,0.07446246,5.520164,225,0
amatitlan,2025-01-28,757050.0,1599450.0,0.22352351,9.489342,225,0
amatitlan,2025-01-28,757350.0,1599450.0,0.26099485,12.372967,225,1
amatitlan,2025-01-28,757650.0,1599450.0,0.24399036,11.710884,225,0
amatitlan,2025-01-28,757950.0,1599450.0,0.20857777,9.141353,225,0
amatitlan,2025-01-28,758250.0,1599450.0,0.24384937,11.289716,225,0
amatitlan,2025-01-28,758550.0,1599450.0,0.22535889,10.70536,225,0
amatitlan,2025-01-28,758850.0,1599450.0,0.19212525,9.265252,225,0
amatitlan,2025-01-28,759150.0,1599450.0,0.12842517,6.452318,225,0
amatitlan,2025-01-28,759450.0,1599450.0,0.16613474,7.3257513,225,0
amatitlan,2025-01-28,759750.0,1599450.0,0.115211956,5.943821,225,0
amatitlan,2025-01-28,760050.0,1599450.0,0.15900192,7.662695,225,0
amatitlan,2025-01-28,760350.0,1599450.0,0.15125294,7.366401,225,0
amatitlan,2025-01-28,760650.0,1599450.0,0.1830827,8.3530445,225,0
amatitlan,2025-01-28,760950.0,1599450.0,0.0877765,5.1389313,225,0
amatitlan,2025-01-28,761250.0,1599450.0,0.112891726,6.611045,225,0
amatitlan,2025-01-28,761550.0,1599450.0,0.17802049,8.784037,225,0
amatitlan,2025-01-28,761850.0,1599450.0,0.068982124,5.442326,225,0
amatitlan,2025-01-28,762150.0,1599450.0,0.049654666,4.73095,225,0
amatitlan,2025-01-28,762450.0,1599450.0,0.06678748,5.292344,225,0
amatitlan,2025-01-28,762750.0,1599450.0,0.17915466,10.341371,225,0
amatitlan,2025-01-28,763050.0,1599450.0,0.16610023,8.709385,225,0
amatitlan,2025-01-28,763350.0,1599450.0,0.16524237,8.394745,225,0
amatitlan,2025-01-28,763650.0,1599450.0,0.08125502,5.4389772,225,0
amatitlan,2025-01-28,763950.0,1599450.0,0.08429068,5.0225606,225,0
amatitlan,2025-01-28,764250.0,1599450.0,0.052106924,4.6487184,225,0
amatitlan,2025-01-28,764550.0,1599450.0,0.113471076,6.103322,225,0
amatitlan,2025-01-28,764850.0,1599450.0,0.19917154,9.979238,225,0
amatitlan,2025-01-28,765150.0,1599450.0,0.17831297,9.32519,225,0
amatitlan,2025-01-28,765450.0,1599450.0,0.13408343,8.104459,225,0
amatitlan,2025-01-28,765750.0,1599450.0,0.08221185,6.4048862,225,0
amatitlan,2025-01-28,766050.0,1599450.0,0.12454689,6.346746,225,0
amatitlan,2025-01-28,766350.0,1599450.0,0.19912632,7.648008,225,0
amatitlan,2025-01-28,766650.0,1599450.0,0.10974224,6.750084,225,0
amatitlan,2025-01-28,766950.0,1599450.0,0.23850052,12.208117,225,1
amatitlan,2025-01-28,767250.0,1599450.0,0.2268241,11.46264,225,0
amatitlan,2025-01-28,767550.0,1599450.0,0.26158226,14.096923,225,1
amatitlan,2025-01-28,767850.0,1599450.0,0.25877747,13.299036,225,1
amatitlan,2025-01-28,768150.0,1599450.0,0.27963477,15.56539,135,1
amatitlan,2025-01-28,754650.0,1599750.0,0.029786192,4.2252526,180,0
amatitlan,2025-01-28,754950.0,1599750.0,0.12525947,7.764908,225,0
amatitlan,2025-01-28,755250.0,1599750.0,0.14286968,6.814848,225,0
amatitlan,2025-01-28,755550.0,1599750.0,0.118884444,6.046632,225,0
amatitlan,2025-01-28,755850.0,1599750.0,0.11225148,5.7147217,225,0
amatitlan,2025-01-28,756150.0,1599750.0,0.1029803,5.5382876,225,0
amatitlan,2025-01-28,756450.0,1599750.0,0.11346612,6.813903,225,0
amatitlan,2025-01-28,756750.0,1599750.0,0.1272692,6.458525,225,0
amatitlan,2025-01-28,757050.0,1599750.0,0.21169648,9.262396,225,0
amatitlan,2025-01-28,757350.0,1599750.0,0.2189654,9.651484,225,0
amatitlan,2025-01-28,757650.0,1599750.0,0.2548585,12.6358,225,1
amatitlan,2025-01-28,757950.0,1599750.0,0.17490715,9.663411,225,0
amatitlan,2025-01-28,758250.0,1599750.0,0.19948614,9.376534,225,0
amatitlan,2025-01-28,758550.0,1599750.0,0.17600524,9.280709,225,0
amatitlan,2025-01-28,758850.0,1599750.0,0.16558148,8.790674,225,0
amatitlan,2025-01-28,759150.0,1599750.0,0.19211803,9.178201,225,0
amatitlan,2025-01-28,759450.0,1599750.0,0.12645032,6.0937977,225,0
amatitlan,2025-01-28,759750.0,1599750.0,0.12869516,5.923902,225,0
amatitlan,2025-01-28,760050.0,1599750.0,0.13081542,6.042139,225,0
amatitlan,2025-01-28,760350.0,1599750.0,0.17724843,7.721531,225,0
amatitlan,2025-01-28,760650.0,1599750.0,0.19884287,9.094186,225,0
amatitlan,2025-01-28,760950.0,1599750.0,0.11343938,5.969547,225,0
amatitlan,2025-01-28,761250.0,1599750.0,0.13708554,7.2970104,225,0
amatitlan,2025-01-28,761550.0,1599750.0,0.053683806,4.968351,225,0
amatitlan,2025-01-28,761850.0,1599750.0,0.035142362,4.5482564,225,0
amatitlan,2025-01-28,762150.0,1599750.0,0.10045549,6.276717,225,0
amatitlan,2025-01-28,762450.0,1599750.0,0.12088549,7.5762153,225,0
amatitlan,2025-01-28,762750.0,1599750.0,0.15807775,8.765277,225,0
amatitlan,2025-01-28,763050.0,1599750.0,0.09208057,5.7674537,225,0
amatitlan,2025-01-28,763350.0,1599750.0,0.100813106,5.864754,225,0
amatitlan,2025-01-28,763650.0,1599750.0,0.047160547,4.683537,225,0
amatitlan,2025-01-28,763950.0,1599750.0,0.07561505,5.0896564,225,0
amatitlan,2025-01-28,764250.0,1599750.0,0.10100463,5.516183,225,0
amatitlan,2025-01-28,764550.0,1599750.0,0.101656035,5.452523,225,0
amatitlan,2025-01-28,764850.0,1599750.0,0.11679155,7.3530526,225,0
amatitlan,2025-01-28,765150.0,1599750.0,0.17683138,8.519728,225,0
amatitlan,2025-01-28,765450.0,1599750.0,0.14720656,7.9916544,225,0
amatitlan,2025-01-28,765750.0,1599750.0,0.037184905,4.9078097,225,0
amatitlan,2025-01-28,766050.0,1599750.0,0.05933578,4.906357,225,0
amatitlan,2025-01-28,766350.0,1599750.0,0.18008597,7.333064,225,0
amatitlan,2025-01-28,766650.0,1599750.0,0.19926226,9.382481,225,0
amatitlan,2025-01-28,766950.0,1599750.0,0.25491256,12.5962105,225,1
amatitlan,2025-01-28,767250.0,1599750.0,0.2512749,12.248276,225,1
amatitlan,2025-01-28,767550.0,1599750.0,0.2570852,12.63952,225,1
amatitlan,2025-01-28,767850.0,1599750.0,0.25910932,14.015547,225,1
amatitlan,2025-01-28,768150.0,1599750.0,0.29151192,18.031965,135,1
amatitlan,2025-01-28,754650.0,1600050.0,0.006354556,3.6998277,180,0
amatitlan,2025-01-28,754950.0,1600050.0,0.028725319,4.208751,225,0
amatitlan,2025-01-28,755250.0,1600050.0,0.09191896,5.9680405,225,0
amatitlan,2025-01-28,755550.0,1600050.0,0.07807426,5.6493587,225,0
amatitlan,2025-01-28,755850.0,1600050.0,0.15311244,6.5229416,225,0
amatitlan,2025-01-28,756150.0,1600050.0,0.10568303,5.9042816,225,0
amatitlan,2025-01-28,756450.0,1600050.0,0.13066027,7.047327,225,0
amatitlan,2025-01-28,756750.0,1600050.0,0.1240652,6.989863,225,0
amatitlan,2025-01-28,757050.0,1600050.0,0.15367419,7.6066103,225,0
amatitlan,2025-01-28,757350.0,1600050.0,0.22085264,10.287761,225,0
amatitlan,2025-01-28,757650.0,1600050.0,0.26177397,13.618095,225,1
amatitlan,2025-01-28,757950.0,1600050.0,0.17135847,8.850433,225,0
amatitlan,2025-01-28,758250.0,1600050.0,0.17465138,8.706897,225,0
amatitlan,2025-01-28,758550.0,1600050.0,0.12118969,11.577814,224,0
amatitlan,2025-01-28,758850.0,1600050.0,0.1424868,8.617953,225,0
amatitlan,2025-01-28,759150.0,1600050.0,0.19686346,9.307575,225,0
amatitlan,2025-01-28,759450.0,1600050.0,0.13984615,6.690721,225,0
amatitlan,2025-01-28,759750.0,1600050.0,0.12158314,5.688777,225,0
amatitlan,2025-01-28,760050.0,1600050.0,0.12083467,5.9618855,225,0
amatitlan,2025-01-28,760350.0,1600050.0,0.11402459,6.343869,225,0
amatitlan,2025-01-28,760650.0,1600050.0,0.14610787,7.339097,225,0
amatitlan,2025-01-28,760950.0,1600050.0,0.108781174,6.4248986,225,0
amatitlan,2025-01-28,761250.0,1600050.0,0.16825055,9.32425,224,0
amatitlan,2025-01-28,761550.0,1600050.0,0.028793043,4.5617595,225,0
amatitlan,2025-01-28,761850.0,1600050.0,0.039965764,4.5940876,225,0
amatitlan,2025-01-28,762150.0,1600050.0,0.066723324,5.1897054,225,0
amatitlan,2025-01-28,762450.0,1600050.0,0.17908092,9.077353,225,0
amatitlan,2025-01-28,762750.0,1600050.0,0.15703827,8.054142,225,0
amatitlan,2025-01-28,763050.0,1600050.0,0.060713362,5.241116,225,0
amatitlan,2025-01-28,763350.0,1600050.0,0.05044007,4.658455,225,0
amatitlan,2025-01-28,763650.0,1600050.0,0.06366361,4.8620453,225,0
amatitlan,2025-01-28,763950.0,1600050.0,0.14402114,6.0754094,225,0
amatitlan,2025-01-28,764250.0,1600050.0,0.14181817,6.2451725,225,0
amatitlan,2025-01-28,764550.0,1600050.0,0.04324345,4.580778,225,0
amatitlan,2025-01-28,764850.0,1600050.0,0.10468804,7.4893084,225,0
amatitlan,2025-01-28,765150.0,1600050.0,0.15576111,8.498868,225,0
amatitlan,2025-01-28,765450.0,1600050.0,0.14125377,7.9955983,225,0
amatitlan,2025-01-28,765750.0,1600050.0,0.06066233,5.3761697,225,0
amatitlan,2025-01-28,766050.0,1600050.0,0.1105477,6.445962,225,0
amatitlan,2025-01-28,766350.0,1600050.0,0.21446791,9.336943,225,0
amatitlan,2025-01-28,766650.0,1600050.0,0.26215252,12.696234,225,1
amatitlan,2025-01-28,766950.0,1600050.0,0.24168037,13.323082,225,1
amatitlan,2025-01-28,767250.0,1600050.0,0.22111464,12.703959,225,1
amatitlan,2025-01-28,767550.0,1600050.0,0.21703961,10.904547,225,0
amatitlan,2025-01-28,767850.0,1600050.0,0.2602616,15.349632,225,1
amatitlan,2025-01-28,768150.0,1600050.0,0.2206441,13.455091,135,1
amatitlan,2025-01-28,754650.0,1600350.0,0.022752948,4.1217747,180,0
amatitlan,2025-01-28,754950.0,1600350.0,-0.006364875,3.5407808,225,0
amatitlan,2025-01-28,755250.0,1600350.0,0.028502544,4.2491326,225,0
amatitlan,2025-01-28,755550.0,1600350.0,0.04078506,5.1822147,225,0
amatitlan,2025-01-28,755850.0,1600350.0,0.13939793,6.7233205,225,0
amatitlan,2025-01-28,756150.0,1600350.0,0.09437542,5.217515,225,0
amatitlan,2025-01-28,756450.0,1600350.0,0.16066656,7.517944,225,0
amatitlan,2025-01-28,756750.0,1600350.0,0.11754745,6.6693206,225,0
amatitlan,2025-01-28,757050.0,1600350.0,0.21700405,10.098635,225,0
amatitlan,2025-01-28,757350.0,1600350.0,0.2532104,11.761722,225,0
amatitlan,2025-01-28,757650.0,1600350.0,0.26175648,12.814988,225,1
amatitlan,2025-01-28,757950.0,1600350.0,0.19259247,8.90765,225,0
amatitlan,2025-01-28,758250.0,1600350.0,0.1791159,9.538774,225,0
amatitlan,2025-01-28,758550.0,1600350.0,0.14317511,8.550133,225,0
amatitlan,2025-01-28,758850.0,1600350.0,0.1362345,8.916881,225,0
amatitlan,2025-01-28,759150.0,1600350.0,0.13870397,6.987736,225,0
amatitlan,2025-01-28,759450.0,1600350.0,0.1253964,6.3361907,225,0
amatitlan,2025-01-28,759750.0,1600350.0,0.12097505,5.6664557,225,0
amatitlan,2025-01-28,760050.0,1600350.0,0.11099319,5.9650497,225,0
amatitlan,2025-01-28,760350.0,1600350.0,0.022314934,4.4296064,225,0
amatitlan,2025-01-28,760650.0,1600350.0,0.07552752,5.6504493,225,0
amatitlan,2025-01-28,760950.0,1600350.0,0.12798895,6.5143547,225,0
amatitlan,2025-01-28,761250.0,1600350.0,0.12394995,7.3130655,225,0
amatitlan,2025-01-28,761550.0,1600350.0,0.034839507,4.538238,225,0
amatitlan,2025-01-28,761850.0,1600350.0,0.050674833,4.6828537,225,0
amatitlan,2025-01-28,762150.0,1600350.0,0.09989224,6.368299,225,0
amatitlan,2025-01-28,762450.0,1600350.0,0.13579428,7.4878135,225,0
amatitlan,2025-01-28,762750.0,1600350.0,0.08484638,5.7485266,225,0
amatitlan,2025-01-28,763050.0,1600350.0,0.059251826,5.201618,225,0
amatitlan,2025-01-28,763350.0,1600350.0,0.016225448,4.7260923,225,0
amatitlan,2025-01-28,763650.0,1600350.0,0.0258488,4.191784,225,0
amatitlan,2025-01-28,763950.0,1600350.0,0.13551603,7.024104,225,0
amatitlan,2025-01-28,764250.0,1600350.0,0.18658458,7.325816,225,0
amatitlan,2025-01-28,764550.0,1600350.0,0.13722,6.084515,225,0
amatitlan,2025-01-28,764850.0,1600350.0,0.11943126,7.7937007,225,0
amatitlan,2025-01-28,765150.0,1600350.0,0.18507513,8.385352,225,0
amatitlan,2025-01-28,765450.0,1600350.0,0.20525517,9.419747,225,0
amatitlan,2025-01-28,765750.0,1600350.0,0.113502815,6.1324387,225,0
amatitlan,2025-01-28,766050.0,1600350.0,0.15163197,7.834943,225,0
amatitlan,2025-01-28,766350.0,1600350.0,0.1674269,7.974179,225,0
amatitlan,2025-01-28,766650.0,1600350.0,0.21889491,11.063098,225,0
amatitlan,2025-01-28,766950.0,1600350.0,0.25726324,12.658452,225,1
amatitlan,2025-01-28,767250.0,1600350.0,0.230817,11.470785,225,0
amatitlan,2025-01-28,767550.0,1600350.0,0.22203687,11.458636,225,0
amatitlan,2025-01-28,767850.0,1600350.0,0.19468358,8.961467,225,0
amatitlan,2025-01-28,768150.0,1600350.0,0.23005427,10.697628,135,0
amatitlan,2025-01-28,754650.0,1600650.0,0.028536914,4.5074987,180,0
amatitlan,2025-01-28,754950.0,1600650.0,0.009554365,4.0556316,225,0
amatitlan,2025-01-28,755250.0,1600650.0,-0.0021024938,3.5976589,225,0
amatitlan,2025-01-28,755550.0,1600650.0,0.053221874,5.8994756,225,0
amatitlan,2025-01-28,755850.0,1600650.0,0.09221946,5.7269874,225,0
amatitlan,2025-01-28,756150.0,1600650.0,0.07838242,5.6101265,225,0
amatitlan,2025-01-28,756450.0,1600650.0,0.08185424,5.260639,225,0
amatitlan,2025-01-28,756750.0,1600650.0,0.15903291,6.9107347,225,0
amatitlan,2025-01-28,757050.0,1600650.0,0.1928242,8.148462,225,0
amatitlan,2025-01-28,757350.0,1600650.0,0.2050021,8.367335,225,0
amatitlan,2025-01-28,757650.0,1600650.0,0.22248188,9.23543,225,0
amatitlan,2025-01-28,757950.0,1600650.0,0.18788698,8.058802,225,0
amatitlan,2025-01-28,758250.0,1600650.0,0.15864423,8.481289,225,0
amatitlan,2025-01-28,758550.0,1600650.0,0.133775,7.6250753,225,0
amatitlan,2025-01-28,758850.0,1600650.0,0.14350939,8.19781,225,0
amatitlan,2025-01-28,759150.0,1600650.0,0.17576616,8.135518,225,0
amatitlan,2025-01-28,759450.0,1600650.0,0.11893009,6.365916,225,0
amatitlan,2025-01-28,759750.0,1600650.0,0.083432555,5.5068874,225,0
amatitlan,2025-01-28,760050.0,1600650.0,0.029772695,4.4170914,225,0
amatitlan,2025-01-28,760350.0,1600650.0,0.023847006,4.4273586,225,0
amatitlan,2025-01-28,760650.0,1600650.0,0.0148509545,4.3086033,225,0
amatitlan,2025-01-28,760950.0,1600650.0,0.063331686,5.407051,225,0
amatitlan,2025-01-28,761250.0,1600650.0,0.060398255,5.2338543,225,0
amatitlan,2025-01-28,761550.0,1600650.0,0.046965946,4.6528206,225,0
amatitlan,2025-01-28,761850.0,1600650.0,0.061117318,4.756837,225,0
amatitlan,2025-01-28,762150.0,1600650.0,0.0636032,5.0010624,225,0
amatitlan,2025-01-28,762450.0,1600650.0,0.20645386,10.985724,225,0
amatitlan,2025-01-28,762750.0,1600650.0,0.2107404,10.222155,225,0
amatitlan,2025-01-28,763050.0,1600650.0,0.10934775,6.5377574,225,0
amatitlan,2025-01-28,763350.0,1600650.0,0.02694438,4.9491315,225,0
amatitlan,2025-01-28,763650.0,1600650.0,0.028000912,4.23168,225,0
amatitlan,2025-01-28,763950.0,1600650.0,0.033416353,4.5583653,225,0
amatitlan,2025-01-28,764250.0,1600650.0,0.07280079,5.1838493,225,0
amatitlan,2025-01-28,764550.0,1600650.0,0.05683059,4.797754,225,0
amatitlan,2025-01-28,764850.0,1600650.0,0.13650897,7.4229655,225,0
amatitlan,2025-01-28,765150.0,1600650.0,0.09467974,6.1363826,225,0
amatitlan,2025-01-28,765450.0,1600650.0,0.114377,6.021512,225,0
amatitlan,2025-01-28,765750.0,1600650.0,0.12942792,6.4164605,225,0
amatitlan,2025-01-28,766050.0,1600650.0,0.07268388,5.373623,225,0
amatitlan,2025-01-28,766350.0,1600650.0,0.14720967,7.5780764,225,0
amatitlan,2025-01-28,766650.0,1600650.0,0.21988754,10.356191,225,0
amatitlan,2025-01-28,766950.0,1600650.0,0.24980758,12.911809,225,1
amatitlan,2025-01-28,767250.0,1600650.0,0.21889916,11.098845,225,0
amatitlan,2025-01-28,767550.0,1600650.0,0.18828599,10.808751,225,0
amatitlan,2025-01-28,767850.0,1600650.0,0.21941389,9.570767,225,0
amatitlan,2025-01-28,768150.0,1600650.0,0.25806656,13.009123,135,1
amatitlan,2025-01-28,754650.0,1600950.0,0.00629783,3.7595937,180,0
amatitlan,2025-01-28,754950.0,1600950.0,0.008007602,3.7982275,225,0
amatitlan,2025-01-28,755250.0,1600950.0,0.008998897,3.7160203,225,0
amatitlan,2025-01-28,755550.0,1600950.0,0.054904986,4.7622085,225,0
amatitlan,2025-01-28,755850.0,1600950.0,0.05215432,5.46515,225,0
amatitlan,2025-01-28,756150.0,1600950.0,0.048002757,4.964022,225,0
amatitlan,2025-01-28,756450.0,1600950.0,0.024954924,4.006071,225,0
amatitlan,2025-01-28,756750.0,1600950.0,0.05099145,4.7641506,225,0
amatitlan,2025-01-28,757050.0,1600950.0,0.08195022,5.144768,225,0
amatitlan,2025-01-28,757350.0,1600950.0,0.117697746,5.581656,225,0
amatitlan,2025-01-28,757650.0,1600950.0,0.1751138,7.146727,225,0
amatitlan,2025-01-28,757950.0,1600950.0,0.20293291,9.350937,225,0
amatitlan,2025-01-28,758250.0,1600950.0,0.16292213,7.453874,225,0
amatitlan,2025-01-28,758550.0,1600950.0,0.16421263,8.372277,225,0
amatitlan,2025-01-28,758850.0,1600950.0,0.14849332,7.614313,225,0
amatitlan,2025-01-28,759150.0,1600950.0,0.16280413,7.873511,225,0
amatitlan,2025-01-28,759450.0,1600950.0,0.120608956,6.8280373,225,0
amatitlan,2025-01-28,759750.0,1600950.0,0.101009764,5.7222414,225,0
amatitlan,2025-01-28,760050.0,1600950.0,0.036458552,4.4469543,225,0
amatitlan,2025-01-28,760350.0,1600950.0,0.023293778,4.418074,225,0
amatitlan,2025-01-28,760650.0,1600950.0,0.015867043,4.322393,225,0
amatitlan,2025-01-28,760950.0,1600950.0,0.028169572,4.4742785,225,0
amatitlan,2025-01-28,761250.0,1600950.0,0.052939188,4.697536,225,0
amatitlan,2025-01-28,761550.0,1600950.0,0.07466688,4.852766,225,0
amatitlan,2025-01-28,761850.0,1600950.0,0.06190307,4.7615895,225,0
amatitlan,2025-01-28,762150.0,1600950.0,0.09546922,6.239757,225,0
amatitlan,2025-01-28,762450.0,1600950.0,0.17330196,7.8195453,225,0
amatitlan,2025-01-28,762750.0,1600950.0,0.19226381,8.823015,225,0
amatitlan,2025-01-28,763050.0,1600950.0,0.13142012,6.552245,225,0
amatitlan,2025-01-28,763350.0,1600950.0,0.040346432,4.6157303,225,0
amatitlan,2025-01-28,763650.0,1600950.0,0.027128605,4.7218966,225,0
amatitlan,2025-01-28,763950.0,1600950.0,0.053857,4.776081,225,0
amatitlan,2025-01-28,764250.0,1600950.0,0.047652088,4.497267,225,0
amatitlan,2025-01-28,764550.0,1600950.0,0.038659126,4.4640365,225,0
amatitlan,2025-01-28,764850.0,1600950.0,0.08390426,5.1365414,225,0
amatitlan,2025-01-28,765150.0,1600950.0,0.11528945,7.143749,225,0
amatitlan,2025-01-28,765450.0,1600950.0,0.09918268,5.4633102,225,0
amatitlan,2025-01-28,765750.0,1600950.0,0.12171731,6.1445613,225,0
amatitlan,2025-01-28,766050.0,1600950.0,0.10729061,6.670229,225,0
amatitlan,2025-01-28,766350.0,1600950.0,0.12488673,6.4809093,225,0
amatitlan,2025-01-28,766650.0,1600950.0,0.20986135,10.358216,225,0
amatitlan,2025-01-28,766950.0,1600950.0,0.23507704,10.977736,225,0
amatitlan,2025-01-28,767250.0,1600950.0,0.1966078,11.094128,225,0
amatitlan,2025-01-28,767550.0,1600950.0,0.20003986,10.770176,225,0
amatitlan,2025-01-28,767850.0,1600950.0,0.23869868,11.337244,225,0
amatitlan,2025-01-28,768150.0,1600950.0,0.2043328,8.486832,135,0
amatitlan,2025-01-28,754650.0,1601250.0,0.029260479,4.0208774,180,0
amatitlan,2025-01-28,754950.0,1601250.0,0.01627549,3.8581083,225,0
amatitlan,2025-01-28,755250.0,1601250.0,0.028243707,4.2809916,225,0
amatitlan,2025-01-28,755550.0,1601250.0,0.0077791596,3.610165,225,0
amatitlan,2025-01-28,755850.0,1601250.0,0.03018742,4.4931235,225,0
amatitlan,2025-01-28,756150.0,1601250.0,0.08132929,5.698196,225,0
amatitlan,2025-01-28,756450.0,1601250.0,0.051080175,4.806073,225,0
amatitlan,2025-01-28,756750.0,1601250.0,0.039572462,4.339859,225,0
amatitlan,2025-01-28,757050.0,1601250.0,0.052301932,4.6500645,225,0
amatitlan,2025-01-28,757350.0,1601250.0,0.08642427,5.5746136,225,0
amatitlan,2025-01-28,757650.0,1601250.0,0.090900674,5.948151,225,0
amatitlan,2025-01-28,757950.0,1601250.0,0.14110164,7.797325,225,0
amatitlan,2025-01-28,758250.0,1601250.0,0.10749074,7.519475,225,0
amatitlan,2025-01-28,758550.0,1601250.0,0.11373017,5.919441,225,0
amatitlan,2025-01-28,758850.0,1601250.0,0.15500446,7.595385,225,0
amatitlan,2025-01-28,759150.0,1601250.0,0.08914001,5.4122987,225,0
amatitlan,2025-01-28,759450.0,1601250.0,0.08058876,5.72546,225,0
amatitlan,2025-01-28,759750.0,1601250.0,0.120473415,6.675168,225,0
amatitlan,2025-01-28,760050.0,1601250.0,0.04278267,4.749614,225,0
amatitlan,2025-01-28,760350.0,1601250.0,0.030841468,4.5081377,225,0
amatitlan,2025-01-28,760650.0,1601250.0,0.026823707,4.462446,225,0
amatitlan,2025-01-28,760950.0,1601250.0,0.032282926,4.5192413,225,0
amatitlan,2025-01-28,761250.0,1601250.0,0.074504316,6.2750945,225,0
amatitlan,2025-01-28,761550.0,1601250.0,0.08323715,6.2029986,225,0
amatitlan,2025-01-28,761850.0,1601250.0,0.11726778,6.956965,225,0
amatitlan,2025-01-28,762150.0,1601250.0,0.18153293,9.014409,225,0
amatitlan,2025-01-28,762450.0,1601250.0,0.19849579,9.242816,225,0
amatitlan,2025-01-28,762750.0,1601250.0,0.15121913,6.7928233,225,0
amatitlan,2025-01-28,763050.0,1601250.0,0.1281591,5.862777,225,0
amatitlan,2025-01-28,763350.0,1601250.0,0.08914456,5.8195114,225,0
amatitlan,2025-01-28,763650.0,1601250.0,0.04684273,4.63521,225,0
amatitlan,2025-01-28,763950.0,1601250.0,0.080178164,5.6335435,225,0
amatitlan,2025-01-28,764250.0,1601250.0,0.082663886,6.1507716,225,0
amatitlan,2025-01-28,764550.0,1601250.0,0.1498815,10.572486,225,0
amatitlan,2025-01-28,764850.0,1601250.0,0.09755311,7.8729706,225,0
amatitlan,2025-01-28,765150.0,1601250.0,0.103502646,5.798797,225,0
amatitlan,2025-01-28,765450.0,1601250.0,0.098331794,5.3626523,225,0
amatitlan,2025-01-28,765750.0,1601250.0,0.15816298,6.8655033,225,0
amatitlan,2025-01-28,766050.0,1601250.0,0.18393134,7.7228503,225,0
amatitlan,2025-01-28,766350.0,1601250.0,0.14113498,6.236746,225,0
amatitlan,2025-01-28,766650.0,1601250.0,0.21483438,10.261751,225,0
amatitlan,2025-01-28,766950.0,1601250.0,0.21011683,9.902733,225,0
amatitlan,2025-01-28,767250.0,1601250.0,0.14208902,11.120319,225,0
amatitlan,2025-01-28,767550.0,1601250.0,0.12710261,8.019158,225,0
amatitlan,2025-01-28,767850.0,1601250.0,0.18170506,9.629281,225,0
amatitlan,2025-01-28,768150.0,1601250.0,0.22045216,9.289851,135,0
amatitlan,2025-01-28,754650.0,1601550.0,0.016361644,3.9584851,180,0
amatitlan,2025-01-28,754950.0,1601550.0,0.0523205,4.593136,225,0
amatitlan,2025-01-28,755250.0,1601550.0,0.035805542,4.199562,225,0
amatitlan,2025-01-28,755550.0,1601550.0,0.0102634225,3.784436,225,0
amatitlan,2025-01-28,755850.0,1601550.0,0.08733178,5.8855996,225,0
amatitlan,2025-01-28,756150.0,1601550.0,0.046116658,5.0714955,225,0
amatitlan,2025-01-28,756450.0,1601550.0,0.051884383,5.406796,225,0
amatitlan,2025-01-28,756750.0,1601550.0,0.04877015,5.0938206,225,0
amatitlan,2025-01-28,757050.0,1601550.0,0.054099,4.765014,225,0
amatitlan,2025-01-28,757350.0,1601550.0,0.09523774,5.999932,225,0
amatitlan,2025-01-28,757650.0,1601550.0,0.034650944,4.1756554,225,0
amatitlan,2025-01-28,757950.0,1601550.0,0.11124032,6.9625,225,0
amatitlan,2025-01-28,758250.0,1601550.0,0.049662862,4.6785564,225,0
amatitlan,2025-01-28,758550.0,1601550.0,0.07319046,5.622999,225,0
amatitlan,2025-01-28,758850.0,1601550.0,0.09727191,5.4639826,225,0
amatitlan,2025-01-28,759150.0,1601550.0,0.099430345,5.470572,225,0
amatitlan,2025-01-28,759450.0,1601550.0,0.076142535,5.2830973,225,0
amatitlan,2025-01-28,759750.0,1601550.0,0.012767091,4.257599,225,0
amatitlan,2025-01-28,760050.0,1601550.0,0.031534106,4.504686,225,0
amatitlan,2025-01-28,760350.0,1601550.0,0.037097093,4.569257,225,0
amatitlan,2025-01-28,760650.0,1601550.0,0.027625144,4.4722595,225,0
amatitlan,2025-01-28,760950.0,1601550.0,0.028150113,4.459789,225,0
amatitlan,2025-01-28,761250.0,1601550.0,0.04013462,4.7517066,225,0
amatitlan,2025-01-28,761550.0,1601550.0,0.111971274,7.0582323,225,0
amatitlan,2025-01-28,761850.0,1601550.0,0.10242263,6.25434,225,0
amatitlan,2025-01-28,762150.0,1601550.0,0.17458898,8.239886,225,0
amatitlan,2025-01-28,762450.0,1601550.0,0.18549493,9.481072,225,0
amatitlan,2025-01-28,762750.0,1601550.0,0.124386095,7.0735207,225,0
amatitlan,2025-01-28,763050.0,1601550.0,0.1391008,6.756646,225,0
amatitlan,2025-01-28,763350.0,1601550.0,0.106706664,6.149225,225,0
amatitlan,2025-01-28,763650.0,1601550.0,0.07140998,5.168788,225,0
amatitlan,2025-01-28,763950.0,1601550.0,0.09550316,5.683348,225,0
amatitlan,2025-01-28,764250.0,1601550.0,0.20360455,10.6411915,225,0
amatitlan,2025-01-28,764550.0,1601550.0,0.2268454,11.036376,225,0
amatitlan,2025-01-28,764850.0,1601550.0,0.2109278,10.529967,225,0
amatitlan,2025-01-28,765150.0,1601550.0,0.104062535,6.3032703,225,0
amatitlan,2025-01-28,765450.0,1601550.0,0.097654335,5.732258,225,0
amatitlan,2025-01-28,765750.0,1601550.0,0.11091519,5.484836,225,0
amatitlan,2025-01-28,766050.0,1601550.0,0.11045787,6.3520947,225,0
amatitlan,2025-01-28,766350.0,1601550.0,0.15684834,7.3143516,225,0
amatitlan,2025-01-28,766650.0,1601550.0,0.23687552,11.646939,225,0
amatitlan,2025-01-28,766950.0,1601550.0,0.19663884,11.077351,225,0
amatitlan,2025-01-28,767250.0,1601550.0,0.08283504,7.4514465,225,0
amatitlan,2025-01-28,767550.0,1601550.0,0.109058976,7.0628724,225,0
amatitlan,2025-01-28,767850.0,1601550.0,0.24911384,12.124674,225,1
amatitlan,2025-01-28,768150.0,1601550.0,0.23569338,10.30445,135,0
amatitlan,2025-01-28,754650.0,1601850.0,0.049228296,4.6027136,180,0
amatitlan,2025-01-28,754950.0,1601850.0,0.04068843,4.3164263,225,0
amatitlan,2025-01-28,755250.0,1601850.0,0.054694816,4.5067263,225,0
amatitlan,2025-01-28,755550.0,1601850.0,0.037010584,4.435564,225,0
amatitlan,2025-01-28,755850.0,1601850.0,0.058818374,5.01021,225,0
amatitlan,2025-01-28,756150.0,1601850.0,0.031146413,4.3262177,225,0
amatitlan,2025-01-28,756450.0,1601850.0,0.017836073,4.0892386,225,0
amatitlan,2025-01-28,756750.0,1601850.0,0.027070044,4.529621,225,0
amatitlan,2025-01-28,757050.0,1601850.0,0.021331653,3.9470124,225,0
amatitlan,2025-01-28,757350.0,1601850.0,0.01744507,4.0709,225,0
amatitlan,2025-01-28,757650.0,1601850.0,0.008266228,3.6749797,225,0
amatitlan,2025-01-28,757950.0,1601850.0,0.11326423,6.3966336,225,0
amatitlan,2025-01-28,758250.0,1601850.0,0.051749837,4.692403,225,0
amatitlan,2025-01-28,758550.0,1601850.0,0.06511505,5.5655317,225,0
amatitlan,2025-01-28,758850.0,1601850.0,0.12406843,7.6976595,225,0
amatitlan,2025-01-28,759150.0,1601850.0,0.10917483,6.0510936,225,0
amatitlan,2025-01-28,759450.0,1601850.0,0.012018624,4.204221,225,0
amatitlan,2025-01-28,759750.0,1601850.0,0.0042003384,4.1374555,225,0
amatitlan,2025-01-28,760050.0,1601850.0,0.009040249,4.2183523,225,0
amatitlan,2025-01-28,760350.0,1601850.0,0.015113677,4.3055396,225,0
amatitlan,2025-01-28,760650.0,1601850.0,0.020895777,4.3834133,225,0
amatitlan,2025-01-28,760950.0,1601850.0,0.02205163,4.3956456,225,0
amatitlan,2025-01-28,761250.0,1601850.0,0.1052475,6.7415943,225,0
amatitlan,2025-01-28,761550.0,1601850.0,0.10162372,6.4396358,225,0
amatitlan,2025-01-28,761850.0,1601850.0,0.123040944,7.9502335,225,0
amatitlan,2025-01-28,762150.0,1601850.0,0.09857463,6.767363,225,0
amatitlan,2025-01-28,762450.0,1601850.0,0.18477158,9.03664,225,0
amatitlan,2025-01-28,762750.0,1601850.0,0.1412763,7.6100793,225,0
amatitlan,2025-01-28,763050.0,1601850.0,0.1117876,6.494149,225,0
amatitlan,2025-01-28,763350.0,1601850.0,0.13325697,6.74004,225,0
amatitlan,2025-01-28,763650.0,1601850.0,0.14358298,6.7453833,225,0
amatitlan,2025-01-28,763950.0,1601850.0,0.17928843,8.203663,225,0
amatitlan,2025-01-28,764250.0,1601850.0,0.19630195,8.549558,225,0
amatitlan,2025-01-28,764550.0,1601850.0,0.18496472,9.557355,225,0
amatitlan,2025-01-28,764850.0,1601850.0,0.21022166,11.415869,225,0
amatitlan,2025-01-28,765150.0,1601850.0,0.06694505,5.8636556,225,0
amatitlan,2025-01-28,765450.0,1601850.0,0.05929617,5.515929,225,0
amatitlan,2025-01-28,765750.0,1601850.0,0.08342684,5.603157,225,0
amatitlan,2025-01-28,766050.0,1601850.0,0.087414965,6.150903,225,0
amatitlan,2025-01-28,766350.0,1601850.0,0.122186646,7.0376735,225,0
amatitlan,2025-01-28,766650.0,1601850.0,0.17980842,9.268033,225,0
amatitlan,2025-01-28,766950.0,1601850.0,0.17148896,11.3929405,225,0
amatitlan,2025-01-28,767250.0,1601850.0,0.16693003,10.104178,225,0
amatitlan,2025-01-28,767550.0,1601850.0,0.21353507,11.771655,225,0
amatitlan,2025-01-28,767850.0,1601850.0,0.22504655,11.153964,225,0
amatitlan,2025-01-28,768150.0,1601850.0,0.2478087,11.359676,135,0
amatitlan,2025-01-28,754650.0,1602150.0,0.09232541,5.885954,180,0
amatitlan,2025-01-28,754950.0,1602150.0,0.08012444,5.566143,225,0
amatitlan,2025-01-28,755250.0,1602150.0,0.033201735,4.1624417,225,0
amatitlan,2025-01-28,755550.0,1602150.0,0.019963043,3.9726677,225,0
amatitlan,2025-01-28,755850.0,1602150.0,0.011690276,3.7776232,225,0
amatitlan,2025-01-28,756150.0,1602150.0,0.018378489,4.143724,225,0
amatitlan,2025-01-28,756450.0,1602150.0,0.0150025245,3.7852447,225,0
amatitlan,2025-01-28,756750.0,1602150.0,0.008175464,3.6797118,225,0
amatitlan,2025-01-28,757050.0,1602150.0,0.030139169,4.760523,225,0
amatitlan,2025-01-28,757350.0,1602150.0,0.0152402455,3.874447,225,0
amatitlan,2025-01-28,757650.0,1602150.0,0.07818356,5.289804,225,0
amatitlan,2025-01-28,757950.0,1602150.0,0.083004124,5.7529325,225,0
amatitlan,2025-01-28,758250.0,1602150.0,0.045462005,4.6413116,225,0
amatitlan,2025-01-28,758550.0,1602150.0,0.039983895,4.594774,225,0
amatitlan,2025-01-28,758850.0,1602150.0,0.042708833,4.808821,225,0
amatitlan,2025-01-28,759150.0,1602150.0,0.032520175,4.560809,225,0
amatitlan,2025-01-28,759450.0,1602150.0,0.016910454,4.316254,225,0
amatitlan,2025-01-28,759750.0,1602150.0,0.0138357,4.277659,225,0
amatitlan,2025-01-28,760050.0,1602150.0,0.013828082,4.2811565,225,0
amatitlan,2025-01-28,760350.0,1602150.0,0.0153029645,4.306657,225,0
amatitlan,2025-01-28,760650.0,1602150.0,0.010340698,4.233592,225,0
amatitlan,2025-01-28,760950.0,1602150.0,0.014748623,4.3050804,225,0
amatitlan,2025-01-28,761250.0,1602150.0,0.13218923,8.276637,224,0
amatitlan,2025-01-28,761550.0,1602150.0,0.18201154,9.249309,225,0
amatitlan,2025-01-28,761850.0,1602150.0,0.14762844,7.868944,225,0
amatitlan,2025-01-28,762150.0,1602150.0,0.15855601,8.923257,225,0
amatitlan,2025-01-28,762450.0,1602150.0,0.18610641,8.671153,225,0
amatitlan,2025-01-28,762750.0,1602150.0,0.11892582,6.333467,225,0
amatitlan,2025-01-28,763050.0,1602150.0,0.14170852,7.3915043,225,0
amatitlan,2025-01-28,763350.0,1602150.0,0.15151532,7.095372,225,0
amatitlan,2025-01-28,763650.0,1602150.0,0.21513838,9.659182,225,0
amatitlan,2025-01-28,763950.0,1602150.0,0.22564055,10.22217,225,0
amatitlan,2025-01-28,764250.0,1602150.0,0.228849,10.030027,225,0
amatitlan,2025-01-28,764550.0,1602150.0,0.2033467,10.132728,225,0
amatitlan,2025-01-28,764850.0,1602150.0,0.18405294,9.393184,225,0
amatitlan,2025-01-28,765150.0,1602150.0,0.17858368,10.2651205,225,0
amatitlan,2025-01-28,765450.0,1602150.0,0.0921223,6.5051885,225,0
amatitlan,2025-01-28,765750.0,1602150.0,0.01604481,3.9964266,225,0
amatitlan,2025-01-28,766050.0,1602150.0,0.0685115,5.7397175,225,0
amatitlan,2025-01-28,766350.0,1602150.0,0.16666843,9.098878,225,0
amatitlan,2025-01-28,766650.0,1602150.0,0.07494648,5.159424,225,0
amatitlan,2025-01-28,766950.0,1602150.0,0.108450055,7.445434,225,0
amatitlan,2025-01-28,767250.0,1602150.0,0.18988417,9.429692,225,0
amatitlan,2025-01-28,767550.0,1602150.0,0.24206854,11.5712595,225,0
amatitlan,2025-01-28,767850.0,1602150.0,0.22589701,11.376433,225,0
amatitlan,2025-01-28,768150.0,1602150.0,0.2449581,11.02667,135,0
amatitlan,2025-01-28,754650.0,1602450.0,0.11900496,6.775704,180,0
amatitlan,2025-01-28,754950.0,1602450.0,0.040881254,4.8566923,225,0
amatitlan,2025-01-28,755250.0,1602450.0,0.04887414,4.855294,225,0
amatitlan,2025-01-28,755550.0,1602450.0,0.0057082186,3.6858,225,0
amatitlan,2025-01-28,755850.0,1602450.0,0.026663283,4.302916,225,0
amatitlan,2025-01-28,756150.0,1602450.0,0.032122746,4.202927,225,0
amatitlan,2025-01-28,756450.0,1602450.0,0.017902678,3.8626091,225,0
amatitlan,2025-01-28,756750.0,1602450.0,0.023081543,4.5526137,225,0
amatitlan,2025-01-28,757050.0,1602450.0,0.05006808,5.304807,225,0
amatitlan,2025-01-28,757350.0,1602450.0,0.076005,5.1866846,225,0
amatitlan,2025-01-28,757650.0,1602450.0,0.13266088,8.193033,225,0
amatitlan,2025-01-28,757950.0,1602450.0,0.070798114,5.260812,225,0
amatitlan,2025-01-28,758250.0,1602450.0,0.03729426,4.5677357,225,0
amatitlan,2025-01-28,758550.0,1602450.0,0.03787757,4.5652914,225,0
amatitlan,2025-01-28,758850.0,1602450.0,0.033247523,4.5242805,225,0
amatitlan,2025-01-28,759150.0,1602450.0,0.0374244,4.5663567,225,0
amatitlan,2025-01-28,759450.0,1602450.0,0.023119511,4.3748255,225,0
amatitlan,2025-01-28,759750.0,1602450.0,0.047592722,4.903628,225,0
amatitlan,2025-01-28,760050.0,1602450.0,0.122422926,6.4619374,225,0
amatitlan,2025-01-28,760350.0,1602450.0,0.12684426,6.5760317,225,0
amatitlan,2025-01-28,760650.0,1602450.0,0.15710802,7.847277,225,0
amatitlan,2025-01-28,760950.0,1602450.0,0.013653069,4.2768393,225,0
amatitlan,2025-01-28,761250.0,1602450.0,0.05073679,5.9108887,225,0
amatitlan,2025-01-28,761550.0,1602450.0,0.09726493,7.890962,225,0
amatitlan,2025-01-28,761850.0,1602450.0,0.16682185,9.175278,225,0
amatitlan,2025-01-28,762150.0,1602450.0,0.123025484,6.727221,225,0
amatitlan,2025-01-28,762450.0,1602450.0,0.16810338,8.378943,225,0
amatitlan,2025-01-28,762750.0,1602450.0,0.19041501,9.291613,225,0
amatitlan,2025-01-28,763050.0,1602450.0,0.18294698,8.331626,225,0
amatitlan,2025-01-28,763350.0,1602450.0,0.19112165,8.182853,225,0
amatitlan,2025-01-28,763650.0,1602450.0,0.2045859,8.680699,225,0
amatitlan,2025-01-28,763950.0,1602450.0,0.21115814,8.835877,225,0
amatitlan,2025-01-28,764250.0,1602450.0,0.22138967,9.630906,225,0
amatitlan,2025-01-28,764550.0,1602450.0,0.1525867,6.9835043,225,0
amatitlan,2025-01-28,764850.0,1602450.0,0.15854841,7.6387124,225,0
amatitlan,2025-01-28,765150.0,1602450.0,0.11366738,6.0653205,225,0
amatitlan,2025-01-28,765450.0,1602450.0,0.10335422,7.3482833,225,0
amatitlan,2025-01-28,765750.0,1602450.0,0.036418952,4.6921887,225,0
amatitlan,2025-01-28,766050.0,1602450.0,0.102710105,6.770395,225,0
amatitlan,2025-01-28,766350.0,1602450.0,0.19913517,10.196139,225,0
amatitlan,2025-01-28,766650.0,1602450.0,0.19937332,8.65765,225,0
amatitlan,2025-01-28,766950.0,1602450.0,0.20714423,10.1642275,225,0
amatitlan,2025-01-28,767250.0,1602450.0,0.20320264,9.513429,225,0
amatitlan,2025-01-28,767550.0,1602450.0,0.22687523,10.43583,225,0
amatitlan,2025-01-28,767850.0,1602450.0,0.22554983,11.349832,225,0
amatitlan,2025-01-28,768150.0,1602450.0,0.18024115,11.299414,135,0
amatitlan,2025-01-28,754650.0,1602750.0,0.069678515,5.6768165,180,0
amatitlan,2025-01-28,754950.0,1602750.0,0.092709,5.5144134,225,0
amatitlan,2025-01-28,755250.0,1602750.0,0.0787426,6.864281,225,0
amatitlan,2025-01-28,755550.0,1602750.0,0.09349379,6.3606,225,0
amatitlan,2025-01-28,755850.0,1602750.0,0.021311669,4.6479626,225,0
amatitlan,2025-01-28,756150.0,1602750.0,0.010425629,3.8669913,225,0
amatitlan,2025-01-28,756450.0,1602750.0,0.01735176,3.9211006,225,0
amatitlan,2025-01-28,756750.0,1602750.0,0.045146216,5.1559215,225,0
amatitlan,2025-01-28,757050.0,1602750.0,0.09495576,6.6238494,225,0
amatitlan,2025-01-28,757350.0,1602750.0,0.1346385,7.797213,225,0
amatitlan,2025-01-28,757650.0,1602750.0,0.075163215,5.26303,225,0
amatitlan,2025-01-28,757950.0,1602750.0,0.029075688,4.377541,225,0
amatitlan,2025-01-28,758250.0,1602750.0,0.037110094,4.5584598,225,0
amatitlan,2025-01-28,758550.0,1602750.0,0.045939784,4.6415,225,0
amatitlan,2025-01-28,758850.0,1602750.0,0.08177029,5.591289,225,0
amatitlan,2025-01-28,759150.0,1602750.0,0.090907454,5.769441,225,0
amatitlan,2025-01-28,759450.0,1602750.0,0.100624405,6.019571,225,0
amatitlan,2025-01-28,759750.0,1602750.0,0.16324958,7.1782384,225,0
amatitlan,2025-01-28,760050.0,1602750.0,0.14721653,7.118727,225,0
amatitlan,2025-01-28,760350.0,1602750.0,0.12723774,6.7671247,225,0
amatitlan,2025-01-28,760650.0,1602750.0,0.1328564,6.8790064,225,0
amatitlan,2025-01-28,760950.0,1602750.0,0.07061455,5.5794654,225,0
amatitlan,2025-01-28,761250.0,1602750.0,0.0022453817,4.095523,225,0
amatitlan,2025-01-28,761550.0,1602750.0,0.080607615,6.431887,225,0
amatitlan,2025-01-28,761850.0,1602750.0,0.16693419,8.123379,225,0
amatitlan,2025-01-28,762150.0,1602750.0,0.17144051,8.055004,225,0
amatitlan,2025-01-28,762450.0,1602750.0,0.16678384,7.3531346,225,0
amatitlan,2025-01-28,762750.0,1602750.0,0.15180977,7.274913,225,0
amatitlan,2025-01-28,763050.0,1602750.0,0.10374535,5.555495,225,0
amatitlan,2025-01-28,763350.0,1602750.0,0.15621981,6.6675124,225,0
amatitlan,2025-01-28,763650.0,1602750.0,0.18398157,7.9645705,225,0
amatitlan,2025-01-28,763950.0,1602750.0,0.11294997,6.0631804,225,0
amatitlan,2025-01-28,764250.0,1602750.0,0.14227894,7.8046417,225,0
amatitlan,2025-01-28,764550.0,1602750.0,0.15088716,8.34337,225,0
amatitlan,2025-01-28,764850.0,1602750.0,0.159755,8.243721,225,0
amatitlan,2025-01-28,765150.0,1602750.0,0.088278,6.321214,225,0
amatitlan,2025-01-28,765450.0,1602750.0,0.08364581,5.3691864,225,0
amatitlan,2025-01-28,765750.0,1602750.0,0.030253775,4.244504,225,0
amatitlan,2025-01-28,766050.0,1602750.0,0.064062126,5.502217,225,0
amatitlan,2025-01-28,766350.0,1602750.0,0.2014738,10.675594,225,0
amatitlan,2025-01-28,766650.0,1602750.0,0.20731759,10.313159,225,0
amatitlan,2025-01-28,766950.0,1602750.0,0.21742585,11.04343,225,0
amatitlan,2025-01-28,767250.0,1602750.0,0.19644745,9.947698,225,0
amatitlan,2025-01-28,767550.0,1602750.0,0.1822639,10.0090065,225,0
amatitlan,2025-01-28,767850.0,1602750.0,0.16842969,11.104537,225,0
amatitlan,2025-01-28,768150.0,1602750.0,0.17505142,10.6857195,135,0
amatitlan,2025-01-28,754650.0,1603050.0,0.062218238,4.7934155,180,0
amatitlan,2025-01-28,754950.0,1603050.0,0.06824687,6.2964544,225,0
amatitlan,2025-01-28,755250.0,1603050.0,0.14551196,6.561483,225,0
amatitlan,2025-01-28,755550.0,1603050.0,0.17989671,7.550957,225,0
amatitlan,2025-01-28,755850.0,1603050.0,0.120512195,6.77077,225,0
amatitlan,2025-01-28,756150.0,1603050.0,0.02420295,4.704363,225,0
amatitlan,2025-01-28,756450.0,1603050.0,0.025818195,4.172262,225,0
amatitlan,2025-01-28,756750.0,1603050.0,0.06387967,5.585887,225,0
amatitlan,2025-01-28,757050.0,1603050.0,0.13866095,8.338228,225,0
amatitlan,2025-01-28,757350.0,1603050.0,0.13711326,8.465318,225,0
amatitlan,2025-01-28,757650.0,1603050.0,0.04237852,4.565729,225,0
amatitlan,2025-01-28,757950.0,1603050.0,0.029512992,4.4096303,225,0
amatitlan,2025-01-28,758250.0,1603050.0,0.07853871,5.2466655,225,0
amatitlan,2025-01-28,758550.0,1603050.0,0.13482147,6.074692,225,0
amatitlan,2025-01-28,758850.0,1603050.0,0.101831794,5.3938947,225,0
amatitlan,2025-01-28,759150.0,1603050.0,0.072155185,4.817217,225,0
amatitlan,2025-01-28,759450.0,1603050.0,0.06674469,4.9227295,225,0
amatitlan,2025-01-28,759750.0,1603050.0,0.058823116,4.99651,225,0
amatitlan,2025-01-28,760050.0,1603050.0,0.08671552,5.4273496,225,0
amatitlan,2025-01-28,760350.0,1603050.0,0.0881815,5.065974,225,0
amatitlan,2025-01-28,760650.0,1603050.0,0.12894723,6.5506663,225,0
amatitlan,2025-01-28,760950.0,1603050.0,0.1615123,7.867254,225,0
amatitlan,2025-01-28,761250.0,1603050.0,0.075180665,5.362142,225,0
amatitlan,2025-01-28,761550.0,1603050.0,0.14907189,7.4314294,225,0
amatitlan,2025-01-28,761850.0,1603050.0,0.18182476,7.0390477,225,0
amatitlan,2025-01-28,762150.0,1603050.0,0.15652351,6.4007545,225,0
amatitlan,2025-01-28,762450.0,1603050.0,0.12542057,5.8365917,225,0
amatitlan,2025-01-28,762750.0,1603050.0,0.057480633,4.8766003,225,0
amatitlan,2025-01-28,763050.0,1603050.0,0.04693171,4.619762,225,0
amatitlan,2025-01-28,763350.0,1603050.0,0.08093655,5.947283,225,0
amatitlan,2025-01-28,763650.0,1603050.0,0.057409626,5.0599785,225,0
amatitlan,2025-01-28,763950.0,1603050.0,0.08938968,6.0632434,225,0
amatitlan,2025-01-28,764250.0,1603050.0,0.1518925,7.236258,225,0
amatitlan,2025-01-28,764550.0,1603050.0,0.14441031,7.758952,225,0
amatitlan,2025-01-28,764850.0,1603050.0,0.1211054,7.1658006,225,0
amatitlan,2025-01-28,765150.0,1603050.0,0.07804423,5.934309,225,0
amatitlan,2025-01-28,765450.0,1603050.0,0.060823336,4.9493833,225,0
amatitlan,2025-01-28,765750.0,1603050.0,0.06951812,5.098503,225,0
amatitlan,2025-01-28,766050.0,1603050.0,0.114989184,6.6129227,225,0
amatitlan,2025-01-28,766350.0,1603050.0,0.120646164,6.615158,225,0
amatitlan,2025-01-28,766650.0,1603050.0,0.17436878,9.614222,225,0
amatitlan,2025-01-28,766950.0,1603050.0,0.160265,9.2306595,225,0
amatitlan,2025-01-28,767250.0,1603050.0,0.16295223,10.119264,225,0
amatitlan,2025-01-28,767550.0,1603050.0,0.1525987,8.854395,225,0
amatitlan,2025-01-28,767850.0,1603050.0,0.1726192,10.568487,225,0
amatitlan,2025-01-28,768150.0,1603050.0,0.1815602,9.470705,135,0
amatitlan,2025-01-28,754650.0,1603350.0,0.056253273,5.4497213,180,0
amatitlan,2025-01-28,754950.0,1603350.0,0.08429405,6.3666167,225,0
amatitlan,2025-01-28,755250.0,1603350.0,0.06692283,5.3134503,225,0
amatitlan,2025-01-28,755550.0,1603350.0,0.02522701,4.1943574,225,0
amatitlan,2025-01-28,755850.0,1603350.0,0.10654826,6.034033,225,0
amatitlan,2025-01-28,756150.0,1603350.0,0.03659882,4.306718,225,0
amatitlan,2025-01-28,756450.0,1603350.0,0.015816987,4.1923046,225,0
amatitlan,2025-01-28,756750.0,1603350.0,0.10810121,6.5748935,225,0
amatitlan,2025-01-28,757050.0,1603350.0,0.17877741,7.7716146,225,0
amatitlan,2025-01-28,757350.0,1603350.0,0.17439432,8.789802,225,0
amatitlan,2025-01-28,757650.0,1603350.0,0.09516077,6.115857,225,0
amatitlan,2025-01-28,757950.0,1603350.0,0.12963913,6.9584594,225,0
amatitlan,2025-01-28,758250.0,1603350.0,0.16037647,7.079589,225,0
amatitlan,2025-01-28,758550.0,1603350.0,0.086707704,5.111828,225,0
amatitlan,2025-01-28,758850.0,1603350.0,0.040686414,4.2961235,225,0
amatitlan,2025-01-28,759150.0,1603350.0,0.0645758,5.145045,225,0
amatitlan,2025-01-28,759450.0,1603350.0,0.016182672,3.8395364,225,0
amatitlan,2025-01-28,759750.0,1603350.0,0.029188653,4.1746483,225,0
amatitlan,2025-01-28,760050.0,1603350.0,0.11284559,5.97481,225,0
amatitlan,2025-01-28,760350.0,1603350.0,0.11893668,6.2100945,225,0
amatitlan,2025-01-28,760650.0,1603350.0,0.19883676,9.16748,225,0
amatitlan,2025-01-28,760950.0,1603350.0,0.21158369,10.421604,225,0
amatitlan,2025-01-28,761250.0,1603350.0,0.22828224,10.9210825,225,0
amatitlan,2025-01-28,761550.0,1603350.0,0.20983784,8.787235,225,0
amatitlan,2025-01-28,761850.0,1603350.0,0.16651648,6.7782183,225,0
amatitlan,2025-01-28,762150.0,1603350.0,0.11130714,5.315686,225,0
amatitlan,2025-01-28,762450.0,1603350.0,0.10468605,5.22802,225,0
amatitlan,2025-01-28,762750.0,1603350.0,0.12470002,7.2302413,225,0
amatitlan,2025-01-28,763050.0,1603350.0,0.095377505,7.5726438,225,0
amatitlan,2025-01-28,763350.0,1603350.0,0.065668516,5.4424877,225,0
amatitlan,2025-01-28,763650.0,1603350.0,0.023260523,4.77239,225,0
amatitlan,2025-01-28,763950.0,1603350.0,0.056501377,4.9474344,225,0
amatitlan,2025-01-28,764250.0,1603350.0,0.093151376,5.980759,225,0
amatitlan,2025-01-28,764550.0,1603350.0,0.16804162,7.808575,225,0
amatitlan,2025-01-28,764850.0,1603350.0,0.18727703,8.274719,225,0
amatitlan,2025-01-28,765150.0,1603350.0,0.06727053,5.3329444,225,0
amatitlan,2025-01-28,765450.0,1603350.0,0.04495214,4.7987857,225,0
amatitlan,2025-01-28,765750.0,1603350.0,0.022479735,5.5169005,225,0
amatitlan,2025-01-28,766050.0,1603350.0,0.10862507,8.144738,225,0
amatitlan,2025-01-28,766350.0,1603350.0,0.13468505,7.197023,225,0
amatitlan,2025-01-28,766650.0,1603350.0,0.16069894,9.007767,225,0
amatitlan,2025-01-28,766950.0,1603350.0,0.19048986,10.306266,225,0
amatitlan,2025-01-28,767250.0,1603350.0,0.2595701,13.071355,225,1
amatitlan,2025-01-28,767550.0,1603350.0,0.18803717,10.680376,225,0
amatitlan,2025-01-28,767850.0,1603350.0,0.21552658,9.9203205,225,0
amatitlan,2025-01-28,768150.0,1603350.0,0.25162542,12.847107,135,1
amatitlan,2025-01-28,754650.0,1603650.0,0.047033306,4.774037,180,0
amatitlan,2025-01-28,754950.0,1603650.0,0.16603616,7.748858,225,0
amatitlan,2025-01-28,755250.0,1603650.0,0.12187185,6.368255,225,0
amatitlan,2025-01-28,755550.0,1603650.0,0.12426743,7.112214,225,0
amatitlan,2025-01-28,755850.0,1603650.0,0.0655014,5.5450296,225,0
amatitlan,2025-01-28,756150.0,1603650.0,0.09564706,6.7506866,225,0
amatitlan,2025-01-28,756450.0,1603650.0,0.07924394,5.1865425,225,0
amatitlan,2025-01-28,756750.0,1603650.0,0.15404275,6.783259,225,0
amatitlan,2025-01-28,757050.0,1603650.0,0.1762202,7.5729146,225,0
amatitlan,2025-01-28,757350.0,1603650.0,0.21530388,9.138863,225,0
amatitlan,2025-01-28,757650.0,1603650.0,0.19828874,8.113586,225,0
amatitlan,2025-01-28,757950.0,1603650.0,0.17820391,7.3183665,225,0
amatitlan,2025-01-28,758250.0,1603650.0,0.1842349,7.687757,225,0
amatitlan,2025-01-28,758550.0,1603650.0,0.08291578,6.253342,225,0
amatitlan,2025-01-28,758850.0,1603650.0,0.0465551,4.6095605,225,0
amatitlan,2025-01-28,759150.0,1603650.0,0.11139198,6.0343795,225,0
amatitlan,2025-01-28,759450.0,1603650.0,0.023191463,4.2448006,225,0
amatitlan,2025-01-28,759750.0,1603650.0,0.028293705,4.324786,225,0
amatitlan,2025-01-28,760050.0,1603650.0,0.034968663,4.2788167,225,0
amatitlan,2025-01-28,760350.0,1603650.0,0.11433816,6.6119323,225,0
amatitlan,2025-01-28,760650.0,1603650.0,0.19943401,10.122974,225,0
amatitlan,2025-01-28,760950.0,1603650.0,0.21220401,10.372824,225,0
amatitlan,2025-01-28,761250.0,1603650.0,0.22059906,9.878561,225,0
amatitlan,2025-01-28,761550.0,1603650.0,0.1825864,8.575903,225,0
amatitlan,2025-01-28,761850.0,1603650.0,0.11064456,5.815501,225,0
amatitlan,2025-01-28,762150.0,1603650.0,0.06994304,4.875453,225,0
amatitlan,2025-01-28,762450.0,1603650.0,0.08306873,6.1636367,225,0
amatitlan,2025-01-28,762750.0,1603650.0,0.08943393,6.2357254,225,0
amatitlan,2025-01-28,763050.0,1603650.0,0.05496536,4.70985,225,0
amatitlan,2025-01-28,763350.0,1603650.0,0.07299071,6.3275495,225,0
amatitlan,2025-01-28,763650.0,1603650.0,0.11118509,7.01477,225,0
amatitlan,2025-01-28,763950.0,1603650.0,0.08233534,6.1516047,225,0
amatitlan,2025-01-28,764250.0,1603650.0,0.092905104,6.834857,225,0
amatitlan,2025-01-28,764550.0,1603650.0,0.119896375,6.490521,225,0
amatitlan,2025-01-28,764850.0,1603650.0,0.14364554,6.7788687,225,0
amatitlan,2025-01-28,765150.0,1603650.0,0.092093304,8.117284,225,0
amatitlan,2025-01-28,765450.0,1603650.0,0.07861905,5.588458,225,0
amatitlan,2025-01-28,765750.0,1603650.0,0.15515079,8.571583,225,0
amatitlan,2025-01-28,766050.0,1603650.0,0.17030719,9.760176,225,0
amatitlan,2025-01-28,766350.0,1603650.0,0.12879153,10.226947,225,0
amatitlan,2025-01-28,766650.0,1603650.0,0.16444631,9.6802025,225,0
amatitlan,2025-01-28,766950.0,1603650.0,0.1047544,7.8264,225,0
amatitlan,2025-01-28,767250.0,1603650.0,0.17149219,8.782334,225,0
amatitlan,2025-01-28,767550.0,1603650.0,0.20117803,11.327957,225,0
amatitlan,2025-01-28,767850.0,1603650.0,0.20062448,12.386339,225,1
amatitlan,2025-01-28,768150.0,1603650.0,0.1848019,11.094853,135,0
